ID,PARENT_PRODUCT_ID,PRIMARY_ITEM_NUMBER,ALTERNATE_ITEM_NUMBERS,OPTION1_NAME,OPTION2_NAME,OPTION3_NAME,OPTION1_VALUE,OPTION2_VALUE,OPTION3_VALUE,PRODUCT_NAME,PRODUCT_DESCRIPTION,SORT_ORDER,IMAGE_URL,ADDITIONAL_IMAGE_URLS,WEBSITE_CATEGORY,METRIC_VERSION,IMPERIAL_VERSION,UOM,VENDOR_NAME,WARNING_BADGES,PRODUCT_BADGE,MINIMUM_ORDER_QUANTITTY,FEATURES,DOCUMENTS,ATTTRIBUTE_NAMES,ATTRIBUTE_VALUES,PACKAGE_DISPLAY,STATUS,ISTAXABLE,TAXCODE,MINIMUM_ORDER_INCREMENT
100000007979999,,685.13130,F5285,,,,,,,4 Inch x 0.020 Inch Carbon Steel Knot Standard Twist Threaded Wheel Brush,"<p>The standard twist wire brush can be used for many things, such as for general use where a narrow face, aggressive brush is desired for controlled and confined surface areas.</p>",,https://WinzerCE-caccteonh.ocecdn.oraclecloud.com/content/published/api/v1.1/assets/CONTDB94FFA6ACC3481E9285FF32B7B34BB0/native/68508135.jpg?channelToken=b2919ea283384f7f97e84cde8c787cbf,,Abrasives>Brushes>Wire Wheels & Brushes,,,EA,,,,,,SDS|https://chemmanagement.ehs.com/9/610003B0-D0A0-4364-9756-B22EE75E34EA/ebinder/pdf/?ProductID=133108599,Arbor Size|Brand|Grit|Diameter|Material|Outside Diameter|Thickness|Color|Grade|Point Type,5/8-11 Inch||||Steel|4 Inch|.020 Inch|||,,Active,,,
100000007896267,,821.07513,F5234,,,,,,,3M Scotch-Brite Surface Conditioning Disc Very Fine Grit - Blue  3 inch dia.,"<p>3M Scotch-Brite Surface Conditioning Discs are durable, aggressive non-woven abrasive products for weld refinement applications.</p>",,https://WinzerCE-caccteonh.ocecdn.oraclecloud.com/content/published/api/v1.1/assets/CONT4AAE12DBD1E946DCA3BA2717E5059052/native/82107480.jpg?channelToken=b2919ea283384f7f97e84cde8c787cbf,,Abrasives>Surface Conditioning>Britestrip,,,EA,,,,,,SDS|https://chemmanagement.ehs.com/9/610003B0-D0A0-4364-9756-B22EE75E34EA/ebinder/pdf/?ProductID=133025427,Arbor Size|Brand|Grit|Diameter|Material|Outside Diameter|Thickness|Color|Grade|Point Type,|ShopPro||3 Inch||||Blue|Very Fine|,,Active,,,
100000007895698,,821.05393,F51136,,,,,,,"3M Scotch-Brite™ Surface Conditioning Disc - 1"" - Coarse","<p>3M Scotch-Brite Surface Conditioning Discs are durable, aggressive non-woven abrasive products for weld refinement applications.</p>",,https://WinzerCE-caccteonh.ocecdn.oraclecloud.com/content/published/api/v1.1/assets/CONTD64BDFBE631D4A95A34D60942348BB3D/native/821_05391.jpg?channelToken=b2919ea283384f7f97e84cde8c787cbf,,Abrasives>Surface Conditioning>Roloc Discs,,,EA,,,,,,SDS|https://chemmanagement.ehs.com/9/610003B0-D0A0-4364-9756-B22EE75E34EA/ebinder/pdf/?ProductID=133025380,Arbor Size|Brand|Grit|Diameter|Material|Outside Diameter|Thickness|Color|Grade|Point Type,|3M||1 Inch||||Brown|Coarse|,,Active,,,
100000007981547,,685.52016,F5210,,,,,,,2 Inch x 1 Inch  80 Grit Aluminum Oxide Flap Wheel,"<p>Firm, quality aluminum oxide coated abrasive material. the flaps, arranged like a fan around the shaft of the tool, provide for consistent cutting action, maximum performance and long life.</p>",,https://WinzerCE-caccteonh.ocecdn.oraclecloud.com/content/published/api/v1.1/assets/CONT30EDF2779F33407B8E6A2F8A2CDE09C0/native/68552003.jpg?channelToken=b2919ea283384f7f97e84cde8c787cbf,,Abrasives>Coated Abrasives>Flap Wheels,,,EA,,,,,,SDS|https://chemmanagement.ehs.com/9/610003B0-D0A0-4364-9756-B22EE75E34EA/ebinder/pdf/?ProductID=133717589,Arbor Size|Brand|Grit|Diameter|Material|Outside Diameter|Thickness|Color|Grade|Point Type,||80||Aluminum Oxide|1 Inch||||,,Active,,,
100000007895909,,821.07460,F5279,,,,,,,4 Inch x 1/4 Inch (Extra Coarse) Silicon Carbide Scotch-Brite Clean and Strip Disc,"<p>Tough, open virtually load resistant web makes surface preparation fast and easy. Great for removal of undercoatings, stone guards, seam sealers and rust. Works well under hood webs, in truck beds, door jambs, under carriage and wheel wells. Use with 3M&trade; Wheel Mandrel 07491.</p>",,https://WinzerCE-caccteonh.ocecdn.oraclecloud.com/content/published/api/v1.1/assets/CONTEB1BEBD8714F4674831675F7453CEA40/native/82107460.jpg?channelToken=b2919ea283384f7f97e84cde8c787cbf,,Abrasives>Surface Conditioning>Clean & Strip,,,EA,,,,,,SDS|https://chemmanagement.ehs.com/9/610003B0-D0A0-4364-9756-B22EE75E34EA/ebinder/pdf/?ProductID=133026123,Arbor Size|Brand|Grit|Diameter|Material|Outside Diameter|Thickness|Color|Grade|Point Type,|3M||||||||,,Active,,,
100000007895139,,820.1200,F51170,,,,,,,Waterproof Silicon Paper - 1200 Grade,"<p>This waterproof silicone paper is a silicone carbide abrasive for fast cutting and finishing surfaces made of plastic, rubber, fiberglass and composite materials.</p>",,https://WinzerCE-caccteonh.ocecdn.oraclecloud.com/content/published/api/v1.1/assets/CONT556F52B0FB9B4CCA977567BDC968B205/native/820_2000.jpg?channelToken=b2919ea283384f7f97e84cde8c787cbf,,Abrasives>Coated Abrasives>Wet or Dry Abrasives,,,EA,,,,,,SDS|https://chemmanagement.ehs.com/9/610003B0-D0A0-4364-9756-B22EE75E34EA/ebinder/pdf/?ProductID=133114396,Arbor Size|Brand|Grit|Diameter|Material|Outside Diameter|Thickness|Color|Grade|Point Type,||1200||Silicone Carbide|9 Inch||||,,Active,,,
100000007927602,,898.8112,F5551,,,,,,,1-1/2 Inch x 1-1/2 Inch Spiral Band Rubber Expanding Drum,<p>Spiral abrasive bands are used for sanding and finishing of curved and contoured surfaces.</p>,,https://WinzerCE-caccteonh.ocecdn.oraclecloud.com/content/published/api/v1.1/assets/CONT760AD0BFE38E4EFE8AF32349530E4F93/native/898834140.jpg?channelToken=b2919ea283384f7f97e84cde8c787cbf,,Abrasives>Coated Abrasives>Spiral Bands,,,EA,,,,,,,Arbor Size|Brand|Grit|Diameter|Material|Outside Diameter|Thickness|Color|Grade|Point Type,||||Aluminum Oxide|1-1/2 Inch||||,,Active,,,
100000007926834,,898.12022,F5405,,,,,,,6 Inch x 5/16 Inch-24 Psa Disc Back-Up Pad Male,<p>These are designed to be back-up pads for stick-on discs.</p>,,https://WinzerCE-caccteonh.ocecdn.oraclecloud.com/content/published/api/v1.1/assets/CONT0A94C40FC1B0408FAB67DC53F2CCF68D/native/898_12022.jpg?channelToken=b2919ea283384f7f97e84cde8c787cbf,,Abrasives>Coated Abrasives>PSA,,,EA,,,,,,,Arbor Size|Brand|Grit|Diameter|Material|Outside Diameter|Thickness|Color|Grade|Point Type,|||||6 Inch||||,,Active,,,
100000007896111,,821.07481.0,F5484,,,,,,,2 Inch Roloc Surface Conditioning Disc Medium Grit,"<p>Surface Conditioning Discs come in a wide variety of grades and sizes and is an ideal first-step for cleaning, blending, deburring, and finishing.</p>",,https://WinzerCE-caccteonh.ocecdn.oraclecloud.com/content/published/api/v1.1/assets/CONT878E77C38A40461F8F74E44B3A8856A8/native/821_07481_0.jpg?channelToken=b2919ea283384f7f97e84cde8c787cbf,,Abrasives>Surface Conditioning>Roloc Discs,,,EA,,,,,,SDS|https://chemmanagement.ehs.com/9/610003B0-D0A0-4364-9756-B22EE75E34EA/ebinder/pdf/?ProductID=133501263,Arbor Size|Brand|Grit|Diameter|Material|Outside Diameter|Thickness|Color|Grade|Point Type,|||2 Inch||2 Inch|||Medium|,,Active,,,
100000007895930,,821.074830,F5950,,,,,,,Shoppro 4 Inch Power-Brite Surface Conditioning Disc Medium Grit Maroon - Shop Pro,"<p>The Power-Brite surface conditoning discs has even coating, which provides improved performance in deburring and edge applications.</p>",,https://WinzerCE-caccteonh.ocecdn.oraclecloud.com/content/published/api/v1.1/assets/CONT0B0F80E512D244059FE3B81F4A0AC3C6/native/821_074860.jpg?channelToken=b2919ea283384f7f97e84cde8c787cbf,,Abrasives>Surface Conditioning>Roloc Discs,,,EA,,,,,,SDS|https://chemmanagement.ehs.com/9/610003B0-D0A0-4364-9756-B22EE75E34EA/ebinder/pdf/?ProductID=133717570,Arbor Size|Brand|Grit|Diameter|Material|Outside Diameter|Thickness|Color|Grade|Point Type,|ShopPro||||||Maroon|Medium|,,Active,,,
100000007926609,,502.8355,F86643,,,,,,,Door Panel Nut Dodge & Jeep,"<p>Automotive specific fasteners, tools, and transportation products such as fuses, circuit breakers, clearance products, wire, fittings, and more.</p>",,https://WinzerCE-caccteonh.ocecdn.oraclecloud.com/content/published/api/v1.1/assets/CONT971944E10C5A4A6A98633E3E0D0DD946/native/502_8355.JPG?channelToken=b2919ea283384f7f97e84cde8c787cbf,"https://WinzerCE-caccteonh.ocecdn.oraclecloud.com/content/published/api/v1.1/assets/CONT3632DEE70F4D4A4FB50936559FDE6801/native/502_8355_b.jpg?channelToken=b2919ea283384f7f97e84cde8c787cbf,https://WinzerCE-caccteonh.ocecdn.oraclecloud.com/content/published/api/v1.1/assets/CONT90E81FDC1D7048939AFA8F93C4F1489F/native/502_8355_A.JPG?channelToken=b2919ea283384f7f97e84cde8c787cbf",Automotive>Body Hardware>Body Clips & Retainers,,,EA,,,,,,,Application|Manufacturer|Model|Color|Drive Type|Finish|Flange|Head Style|Industry Number|Length|Measurement|Outside Diameter|Retainer Type|Thickness|Thread Size|Thread Type|Diameter|Material|Automotive Size|Origin|Point Type,Door Panel|Dodge|Caliber|||||||||||||||||,,Active,,,
100000007925074,,502.3055,F83872,,,,,,,Door Weatherstrip Retainer GM General Motors General Motors,,,https://WinzerCE-caccteonh.ocecdn.oraclecloud.com/content/published/api/v1.1/assets/CONTEAC68393879A491F8B74478818CA948D/native/5023055.jpg?channelToken=b2919ea283384f7f97e84cde8c787cbf,,Automotive>Body Hardware>Body Clips & Retainers,,,EA,,,,,,,Application|Manufacturer|Model|Color|Drive Type|Finish|Flange|Head Style|Industry Number|Length|Measurement|Outside Diameter|Retainer Type|Thickness|Thread Size|Thread Type|Diameter|Material|Automotive Size|Origin|Point Type,|General Motors|Universal|||||||||||||||Plastic||,,Active,,,
100000007923920,,501.8764,F8620,,,,,,,Bumper Radiator Cover and Grill Drive Type Rivet. Toyota Lexus and Scion,,,https://WinzerCE-caccteonh.ocecdn.oraclecloud.com/content/published/api/v1.1/assets/CONTA5FA9EADF74848568AF5B621561E2DDA/native/5018764.jpg?channelToken=b2919ea283384f7f97e84cde8c787cbf,,Automotive>Body Hardware>Body Clips & Retainers,,,EA,,,,,,,Application|Manufacturer|Model|Color|Drive Type|Finish|Flange|Head Style|Industry Number|Length|Measurement|Outside Diameter|Retainer Type|Thickness|Thread Size|Thread Type|Diameter|Material|Automotive Size|Origin|Point Type,Bumper|Lexus|Avalon|||||||||||||||Plastic||,,Active,,,
100000007905484,,835.11.10,F85158,,,,,,,1/4 Inch Fnpt x 6 Inch Chrome Plated Closed Dual Foot Angled Air Chuck,"Tire Gauges measure the force exerted by air on a unit area, typically given in pounds per square inch (PSI). When you connect a tire pressure gauge to your tire's valve stem, it forms a sealed system.",,https://WinzerCE-caccteonh.ocecdn.oraclecloud.com/content/published/api/v1.1/assets/CONTB931020C509D45249FD9299061F6C922/native/8351110.jpg?channelToken=b2919ea283384f7f97e84cde8c787cbf,,Automotive>Wheel & Tire>Service & Repair Tools,,,EA,,,,,,,Application|Manufacturer|Model|Color|Drive Type|Finish|Flange|Head Style|Industry Number|Length|Measurement|Outside Diameter|Retainer Type|Thickness|Thread Size|Thread Type|Diameter|Material|Automotive Size|Origin|Point Type,Wheel and Tire|||||||||6 Inch||||||||||,,Active,,,
100000007924114,,501.3467,F86533,,,,,,,Headliner Retainer - Nissan,"<p>Automotive specific fasteners, tools, and transportation products such as fuses, circuit breakers, clearance products, wire, fittings, and more.</p>",,https://WinzerCE-caccteonh.ocecdn.oraclecloud.com/content/published/api/v1.1/assets/CONTB461F5A2EDB44D94B03E24C8B1E8A666/native/501_3467.JPG?channelToken=b2919ea283384f7f97e84cde8c787cbf,https://WinzerCE-caccteonh.ocecdn.oraclecloud.com/content/published/api/v1.1/assets/CONTB89DD9386F774E82B4D285C59215F710/native/501_3467_A.JPG?channelToken=b2919ea283384f7f97e84cde8c787cbf,Automotive>Body Hardware>Body Clips & Retainers,,,EA,,,,,,,Application|Manufacturer|Model|Color|Drive Type|Finish|Flange|Head Style|Industry Number|Length|Measurement|Outside Diameter|Retainer Type|Thickness|Thread Size|Thread Type|Diameter|Material|Automotive Size|Origin|Point Type,|Nissan|Altima|||||||||||||||||,,Active,,,
100000007922193,,500.788121,F84380,,,,,,,Cowl Grille Drive Type Rivet - Nissan Pick Up Truck 1986 - On 66814 01G00,,,https://WinzerCE-caccteonh.ocecdn.oraclecloud.com/content/published/api/v1.1/assets/CONT8B88B6B898B34991A5E599E3F7E6A080/native/500788121.jpg?channelToken=b2919ea283384f7f97e84cde8c787cbf,,Automotive>Body Hardware>Body Clips & Retainers,,,EA,,,,,,,Application|Manufacturer|Model|Color|Drive Type|Finish|Flange|Head Style|Industry Number|Length|Measurement|Outside Diameter|Retainer Type|Thickness|Thread Size|Thread Type|Diameter|Material|Automotive Size|Origin|Point Type,|Nissan||||||||||||||||Plastic||,,Active,,,
100000007924112,,501.3448,F85715,,,,,,,M7 x 12Mm Windshield Garnish Molding Clip Nissan 76988-3Dn0A,,,https://WinzerCE-caccteonh.ocecdn.oraclecloud.com/content/published/api/v1.1/assets/CONTEB5274E221CB4747B2AF565B481081FF/native/501_3448.jpg?channelToken=b2919ea283384f7f97e84cde8c787cbf,,Automotive>Body Hardware>Body Clips & Retainers,,,EA,,,,,,,Application|Manufacturer|Model|Color|Drive Type|Finish|Flange|Head Style|Industry Number|Length|Measurement|Outside Diameter|Retainer Type|Thickness|Thread Size|Thread Type|Diameter|Material|Automotive Size|Origin|Point Type,|Nissan|Altima|White||||||||||||||Plastic||,,Active,,,
100000007925651,,502.3521,F8840,,,,,,,"Fender Apron Push Type Retainer - GM General Motors Trucks & Pontiac G5, G6 & Torrent & Ford Fiesta 2011 - On, GM General Motors - 11609417, Ford - W715537-S300",,,https://WinzerCE-caccteonh.ocecdn.oraclecloud.com/content/published/api/v1.1/assets/CONTC753C6647D03450B8F7B2E1ADED582FA/native/5023521.jpg?channelToken=b2919ea283384f7f97e84cde8c787cbf,,Automotive>Body Hardware>Body Clips & Retainers,,,EA,,,,,,,Application|Manufacturer|Model|Color|Drive Type|Finish|Flange|Head Style|Industry Number|Length|Measurement|Outside Diameter|Retainer Type|Thickness|Thread Size|Thread Type|Diameter|Material|Automotive Size|Origin|Point Type,|Cadillac|Acadia|||||||||||||||Plastic||,,Active,,,
100000007921810,,500.12463,F83902,,,,,,,Cable Strap Mercedes Benz & Volvo,,,https://WinzerCE-caccteonh.ocecdn.oraclecloud.com/content/published/api/v1.1/assets/CONTE9F621CE311D4CBFB0D4048091684057/native/50012463.jpg?channelToken=b2919ea283384f7f97e84cde8c787cbf,,Automotive>Body Hardware>Body Clips & Retainers,,,EA,,,,,,,Application|Manufacturer|Model|Color|Drive Type|Finish|Flange|Head Style|Industry Number|Length|Measurement|Outside Diameter|Retainer Type|Thickness|Thread Size|Thread Type|Diameter|Material|Automotive Size|Origin|Point Type,Wire & Tubing|Volvo|Universal|||||||||||||||Plastic||,,Active,,,
100000007921812,,500.12954,F84043,,,,,,,Panel Clip Plastic Audi & Volkswagen,,,https://WinzerCE-caccteonh.ocecdn.oraclecloud.com/content/published/api/v1.1/assets/CONT5410AFE195F74D6799FEEDE6ABEB4409/native/50012954.jpg?channelToken=b2919ea283384f7f97e84cde8c787cbf,,Automotive>Body Hardware>Body Clips & Retainers,,,EA,,,,,,,Application|Manufacturer|Model|Color|Drive Type|Finish|Flange|Head Style|Industry Number|Length|Measurement|Outside Diameter|Retainer Type|Thickness|Thread Size|Thread Type|Diameter|Material|Automotive Size|Origin|Point Type,|Audi|Universal|||||||||||||||Plastic||,,Active,,,
100000007918160,,889.4574451,F32502,,,,,,,Loctite Fixmaster Fast Cure Epoxy Mixer Cups - 1 Oz. - Can of 10 Cups,"<div>Loctite Fixmaster&reg; EA 445 is a gray, 2-part, room temperature cure, epoxy adhesive paste used for high strength, permanent bonding of metals, ceramics, concrete, wood and most plastics. This product can withstand temperatures of up to +180 °F (+80 °C). Typical applications include the production, maintenance and prototype bonding of metals, ceramics, concrete, wood, glass and most plastics.</div>",,https://WinzerCE-caccteonh.ocecdn.oraclecloud.com/content/published/api/v1.1/assets/CONT1647029B32CC49AF9CCDCE613BD5CA0C/native/889_4574451.jpg?channelToken=b2919ea283384f7f97e84cde8c787cbf,,Chemicals>Sealants & Adhesives>Epoxies,,,EA,,Hazmat,,,,SDS|https://chemmanagement.ehs.com/9/610003B0-D0A0-4364-9756-B22EE75E34EA/ebinder/pdf/?ProductID=133025397,Container Size|Fragrance|Net Fill|Color|Brand,||||Loctite,,Active,,,
100000007919889,,891.5011,FW244182,,,,,,,Winzer Tek-Solv Multi-Purpose Solvent Low VOC - 16oz,,,https://WinzerCE-caccteonh.ocecdn.oraclecloud.com/content/published/api/v1.1/assets/CONTBB6ED764EFB34CD8B9283FEA6FAFD70E/native/891_5011.jpg?channelToken=b2919ea283384f7f97e84cde8c787cbf,,Chemicals>Industrial Cleaners>Cleaning Solvents,,,EA,,Hazmat,,,,,Container Size|Fragrance|Net Fill|Color|Brand,16 oz||||Winzer,,Active,,,
100000008023783,,748.22.3100,F44876,,,,,,,Fine Point Black Milwaukee Jobsite Marker,"These durable markers are designed for writing on rough surfaces such as OSB, cinder block and concrete and the ink dries quickly to reduce smearing markings, without drying out quickly when the cap is left off.",,,,Shop Supplies>Tools>Miscellaneous Tools,,,EA,,,,,,,Container Size|Fragrance|Net Fill|Color|Brand,|||Black|,,Active,,,
100000007919505,,890.8011,PK2875|PK2875|/PK2875|F31823,,,,,,,Seymour Economy Fresh N' Quick Gloss Paint Aerosol Yellow - 10 oz,"<p>A high quality spray paint available in a wide range of popular colors and economically priced. Black and white available in a gloss or a flat finish. It covers well, dries fast and holds up well outdoors. Bare or rusted surfaces should be cleaned and primed with Fresh-N-Quick Gray Primer, #11-15.</p>",,https://WinzerCE-caccteonh.ocecdn.oraclecloud.com/content/published/api/v1.1/assets/CONTD4E2F62F66414E15BEB28CB85C488B8A/native/890_8011.jpg?channelToken=b2919ea283384f7f97e84cde8c787cbf,,Chemicals>Paints & Coatings>Spray Paints,,,EA,,Hazmat,,,,SDS|https://chemmanagement.ehs.com/9/610003B0-D0A0-4364-9756-B22EE75E34EA/ebinder/pdf/?ProductID=133025993,Container Size|Fragrance|Net Fill|Color|Brand,|||Yellow|Seymour,,Active,,,
100000007955799,,991.102690,F31826,,,,,,,ISI-Poly Sunny Streakless Hard Surface and Glass Cleaner - 1 qt,"<p>ISI-Poly Sunny Streakless is a heavy-duty glass and hard surface cleaner, formulated with a balanced blend of cleaning agents to quickly penetrate and remove dirt, soot, fingerprints, perspiration and food soil from windows, mirrors, light fixtures, counters, exhaust hoods, display cases, oven fronts and similar surfaces. Sunny Streakless will not streak, smear or leave smudges, leaving behind no dirt-catching film.</p>",,https://WinzerCE-caccteonh.ocecdn.oraclecloud.com/content/published/api/v1.1/assets/CONT38DDADFD6FA94FAAA88BFA2637246CE5/native/991_102690.jpg?channelToken=b2919ea283384f7f97e84cde8c787cbf,,Chemicals>Janitorial Cleaners & Polishers>Multipurpose Cleaners,,,EA,,,,,,BROCHURE|https://WinzerCE-caccteonh.ocecdn.oraclecloud.com/content/published/api/v1.1/assets/CONTD576E90C5E744F9295DF600FA5EA48E3/native/991_102690_TDS.pdf?channelToken=b2919ea283384f7f97e84cde8c787cbf|SDS|https://chemmanagement.ehs.com/9/610003b0-d0a0-4364-9756-b22ee75e34ea/ebinder/pdf/?productID=133131232|TECHSHEET|https://WinzerCE-caccteonh.ocecdn.oraclecloud.com/content/published/api/v1.1/assets/CONTC598FF5C61924CF08CAE40F021FEEEEA/native/991_102690_TDS.pdf?channelToken=b2919ea283384f7f97e84cde8c787cbf,Container Size|Fragrance|Net Fill|Color|Brand,Quart|||Blue|ISI-Poly,,Active,,,
100000007955799,,991.102690,F31826,,,,,,,ISI-Poly Sunny Streakless Hard Surface and Glass Cleaner - 1 qt,"<p>ISI-Poly Sunny Streakless is a heavy-duty glass and hard surface cleaner, formulated with a balanced blend of cleaning agents to quickly penetrate and remove dirt, soot, fingerprints, perspiration and food soil from windows, mirrors, light fixtures, counters, exhaust hoods, display cases, oven fronts and similar surfaces. Sunny Streakless will not streak, smear or leave smudges, leaving behind no dirt-catching film.</p>",,https://WinzerCE-caccteonh.ocecdn.oraclecloud.com/content/published/api/v1.1/assets/CONT38DDADFD6FA94FAAA88BFA2637246CE5/native/991_102690.jpg?channelToken=b2919ea283384f7f97e84cde8c787cbf,,Chemicals>Janitorial Cleaners & Polishers>Multipurpose Cleaners,,,EA,,,,,,BROCHURE|https://WinzerCE-caccteonh.ocecdn.oraclecloud.com/content/published/api/v1.1/assets/CONTD576E90C5E744F9295DF600FA5EA48E3/native/991_102690_TDS.pdf?channelToken=b2919ea283384f7f97e84cde8c787cbf|SDS|https://chemmanagement.ehs.com/9/610003b0-d0a0-4364-9756-b22ee75e34ea/ebinder/pdf/?productID=133131232|TECHSHEET|https://WinzerCE-caccteonh.ocecdn.oraclecloud.com/content/published/api/v1.1/assets/CONTC598FF5C61924CF08CAE40F021FEEEEA/native/991_102690_TDS.pdf?channelToken=b2919ea283384f7f97e84cde8c787cbf,Container Size|Fragrance|Net Fill|Color|Brand,Quart|||Blue|ISI-Poly,,Active,,,
100000007955799,,991.102690,F31826,,,,,,,ISI-Poly Sunny Streakless Hard Surface and Glass Cleaner - 1 qt,"<p>ISI-Poly Sunny Streakless is a heavy-duty glass and hard surface cleaner, formulated with a balanced blend of cleaning agents to quickly penetrate and remove dirt, soot, fingerprints, perspiration and food soil from windows, mirrors, light fixtures, counters, exhaust hoods, display cases, oven fronts and similar surfaces. Sunny Streakless will not streak, smear or leave smudges, leaving behind no dirt-catching film.</p>",,https://WinzerCE-caccteonh.ocecdn.oraclecloud.com/content/published/api/v1.1/assets/CONT38DDADFD6FA94FAAA88BFA2637246CE5/native/991_102690.jpg?channelToken=b2919ea283384f7f97e84cde8c787cbf,,Chemicals>Janitorial Cleaners & Polishers>Multipurpose Cleaners,,,EA,,,,,,BROCHURE|https://WinzerCE-caccteonh.ocecdn.oraclecloud.com/content/published/api/v1.1/assets/CONTD576E90C5E744F9295DF600FA5EA48E3/native/991_102690_TDS.pdf?channelToken=b2919ea283384f7f97e84cde8c787cbf|SDS|https://chemmanagement.ehs.com/9/610003b0-d0a0-4364-9756-b22ee75e34ea/ebinder/pdf/?productID=133131232|TECHSHEET|https://WinzerCE-caccteonh.ocecdn.oraclecloud.com/content/published/api/v1.1/assets/CONTC598FF5C61924CF08CAE40F021FEEEEA/native/991_102690_TDS.pdf?channelToken=b2919ea283384f7f97e84cde8c787cbf,Container Size|Fragrance|Net Fill|Color|Brand,Quart|||Blue|ISI-Poly,,Active,,,
100000007921041,,891.90160,FW15896,,,,,,,Tekwax Amber Rust-Proofing Wax - 17 oz,"<p>TEK WAX is a superior, protective rust inhibitor for both new and used vehicles. Apply a single coat to protect metal against corrosion from salts and chemicals. Resists rock and gravel abrasion, and will not run, drop or sag at elevated temperatures. Ideal for engine hood area, trunk and inner door compartments. Tek Wax can be used anywhere that bare metal is exposed.</p>",,https://WinzerCE-caccteonh.ocecdn.oraclecloud.com/content/published/api/v1.1/assets/CONTA2F22A276DE84D549BF37DBCC65CB81F/native/891_9016.jpg?channelToken=b2919ea283384f7f97e84cde8c787cbf,"https://WinzerCE-caccteonh.ocecdn.oraclecloud.com/content/published/api/v1.1/assets/CONT098EEA2C752947A1840FD98A1DECEF56/native/891_90160.jpg?channelToken=b2919ea283384f7f97e84cde8c787cbf,https://WinzerCE-caccteonh.ocecdn.oraclecloud.com/content/published/api/v1.1/assets/CONT9F80AF0536A648C8BEF22672C55DE989/native/891_90160_A.jpg?channelToken=b2919ea283384f7f97e84cde8c787cbf",Chemicals>Paints & Coatings>Rust Treatments,,,EA,,Hazmat,,,,SDS|https://chemmanagement.ehs.com/9/610003B0-D0A0-4364-9756-B22EE75E34EA/ebinder/pdf/?ProductID=133102758,Container Size|Fragrance|Net Fill|Color|Brand,24 oz||||Winzer,,Active,,,
100000007919506,,890.9022,F31505,,,,,,,"MRO Industrial High-Solids Spray Paint, Cummins Beige - 16 OZ. Net Fill Wt.","<p>A superior industrial spray paint formulated for maintenance operations where maximum performance is required. this high solids paint does not run or sag, and gives twice the coverage of conventional spray paints. Can be applied to bare metal. Resists oil, gas, heat and sunlight.</p>",,https://WinzerCE-caccteonh.ocecdn.oraclecloud.com/content/published/api/v1.1/assets/CONT0A7E0CD036964C0693E39555714AD183/native/890_9022.jpeg?channelToken=b2919ea283384f7f97e84cde8c787cbf,,Chemicals>Paints & Coatings>Spray Paints,,,EA,,Hazmat,,,,SDS|https://chemmanagement.ehs.com/9/610003B0-D0A0-4364-9756-B22EE75E34EA/ebinder/pdf/?ProductID=133025718,Container Size|Fragrance|Net Fill|Color|Brand,|||Beige|Seymour,,Active,,,
100000007919507,,890.8102,PK2878|F3961,,,,,,,Seymour Economy Spruce Gloss Paint Aerosol Orange - 16 oz,"<p>A fast drying spray primer that provides maximum rust protection and adhesion for a finishing top coat. Can be used with lacquer, enamel and acrylic paints. Provides excellent resistance to heat and corrosion while being sandable. VOC compliant. For best results, sand lightly with fine sandpaper or steel wool prior to applying finish coat.</p>",,https://WinzerCE-caccteonh.ocecdn.oraclecloud.com/content/published/api/v1.1/assets/CONT25DEF1FAF42B45E284BC97AD753BCB0B/native/890_8102.jpg?channelToken=b2919ea283384f7f97e84cde8c787cbf,,Chemicals>Paints & Coatings>Spray Paints,,,EA,,Hazmat,,,,SDS|https://chemmanagement.ehs.com/9/610003B0-D0A0-4364-9756-B22EE75E34EA/ebinder/pdf/?ProductID=133026217,Container Size|Fragrance|Net Fill|Color|Brand,|||Orange|Seymour,,Active,,,
100000007945046,,661.09.018,F62265,,,,,,,#18 Cobalt Nas 907-J Jobber Length Drill 135-Degree Split Point,<p>Cobalt NAS 907-J jobbers length drills are designed to have 30% higher speed.</p>,,https://WinzerCE-caccteonh.ocecdn.oraclecloud.com/content/published/api/v1.1/assets/CONT8965DFB4013042F699DBD9420FB975CC/native/661_09_12.JPG?channelToken=b2919ea283384f7f97e84cde8c787cbf,https://WinzerCE-caccteonh.ocecdn.oraclecloud.com/content/published/api/v1.1/assets/CONTF223F6A4A73D4FBFADC77D72869BFC3B/native/661_09_12_A.JPG?channelToken=b2919ea283384f7f97e84cde8c787cbf,Cutting Tools>Drills>Jobber Drills,,,EA,,,,,,,Arbor Size|Brand|Teeth Per Inch|Finish|Length|Wire Diameter|Material|Diameter|Thickness|Point Type,|||Gold|||Cobalt|#18||135-Degree Split,,Active,,,
100000007941975,,661.008.332,F61930,,,,,,,3/32 Inch 135 Degree Split Point Black Hss Heavy Duty Jobber Length Drill Bit,<p>Heavy-duty fractional drill bits are recommended to be used on medium hardness metal drilling surfaces.</p>,,https://WinzerCE-caccteonh.ocecdn.oraclecloud.com/content/published/api/v1.1/assets/CONTE4B976750D3C4A67AD1DD9A6436E549E/native/661_008_12.JPG?channelToken=b2919ea283384f7f97e84cde8c787cbf,https://WinzerCE-caccteonh.ocecdn.oraclecloud.com/content/published/api/v1.1/assets/CONTDE51877098E7431FBE4D126C21AD2148/native/661_008_12_A.JPG?channelToken=b2919ea283384f7f97e84cde8c787cbf,Cutting Tools>Drills>Jobber Drills,,,EA,,,,,,,Arbor Size|Brand|Teeth Per Inch|Finish|Length|Wire Diameter|Material|Diameter|Thickness|Point Type,|||Black|||High Speed Steel|3/32 Inch||135-Degree Split,,Active,,,
100000007942549,,661.010.1364,F63048,,,,,,,13/64 Jobber Thunderbit 135 Degree High Speed Steel Drill Bit,Triumph Twist Drill products are the tools used in the most demanding repair and maintenance applications.,,,,Cutting Tools>Drills>Jobber Drills,,,EA,,,,,,,Arbor Size|Brand|Teeth Per Inch|Finish|Length|Wire Diameter|Material|Diameter|Thickness|Point Type,|||Black & Bronze|3-5/8 Inch||High Speed Steel|||135-Degree Split,,Active,,,
100000007948120,,661.32.3166,F61452,,,,,,,3/16 Inch x 6 Inch Square Flute Carbide Tip Sds Plus® Drill Bit,"<p>SDS shank masonry drill bits are for use with industrial rotary hammer drills with SDS chucks. the new wide fluting design flows the dust out of the hole faster, reducing friction and adding life to the carbide cutting.</p>",,https://WinzerCE-caccteonh.ocecdn.oraclecloud.com/content/published/api/v1.1/assets/CONT5E1A6661C4E346E3B8E5804932491A64/native/661323164.jpg?channelToken=b2919ea283384f7f97e84cde8c787cbf,,Cutting Tools>Drills>Masonry Drills,,,EA,,,,,,,Arbor Size|Brand|Teeth Per Inch|Finish|Length|Wire Diameter|Material|Diameter|Thickness|Point Type,|||Black|6 Inch||Carbide Tipped|3/16 inch||,,Active,,,
100000007938902,,659.1,F6774,,,,,,,#1 Diameter 118-Degree General Purpose Number Drill Bit Bright Finish,"<p>This general purpose drill is designed for drilling under a variety of drilling conditions. It is created to perform in low and medium carbon steels, cast iron and wood surfaces.</p>",,https://WinzerCE-caccteonh.ocecdn.oraclecloud.com/content/published/api/v1.1/assets/CONT4214080EA3EA484C9F3809AEBDFA96C3/native/6591.jpg?channelToken=b2919ea283384f7f97e84cde8c787cbf,,Cutting Tools>Drills>Number Drills,,,EA,,,,,,,Arbor Size|Brand|Teeth Per Inch|Finish|Length|Wire Diameter|Material|Diameter|Thickness|Point Type,|||Bright|3-7/8 Inch||High Speed Steel|||118-Degree Split,,Active,,,
100000007939290,,659.7.0,F6796,,,,,,,#7 Diameter 118-Degree General Purpose Number Drill Bit Bright Finish,"<p>This general purpose drill is designed for drilling under a variety of drilling conditions. It is created to perform in low and medium carbon steels, cast iron and wood surfaces.</p>",,https://WinzerCE-caccteonh.ocecdn.oraclecloud.com/content/published/api/v1.1/assets/CONT4214080EA3EA484C9F3809AEBDFA96C3/native/6591.jpg?channelToken=b2919ea283384f7f97e84cde8c787cbf,,Cutting Tools>Drills>Number Drills,,,EA,,,,,,,Arbor Size|Brand|Teeth Per Inch|Finish|Length|Wire Diameter|Material|Diameter|Thickness|Point Type,|||Bright|3-5/8 Inch||High Speed Steel|#7||118-Degree Split,,Active,,,
100000007939479,,660.02.9346,F6156,,,,,,,9 Inch x 3/4 Inch 6 Tpi Bi-Metal Reciprocating Saw Blade,<p>The Alfa reciprocating blades are 8% cobalt cutting edge welded to a high strength steel backer for greater wear resistance and longer life.</p>,,https://WinzerCE-caccteonh.ocecdn.oraclecloud.com/content/published/api/v1.1/assets/CONT0C54BE889FA74FED92CDCEE654872D90/native/660026346.jpg?channelToken=b2919ea283384f7f97e84cde8c787cbf,,Cutting Tools>Saw Blades & Cutters>Reciprocating Saw Blades,,,EA,,,,,,,Arbor Size|Brand|Teeth Per Inch|Finish|Length|Wire Diameter|Material|Diameter|Thickness|Point Type,||6 TPI||9 Inch||||.050 Inch|,,Active,,,
100000007944286,,661.04.716,F61703,,,,,,,7/16 Inch x 4-1/2 Inch 135 Degree Split Point Gold High Molybdenum Tool Steel Mechanics Length Drill - Shop Pro.,"<p>Shop Pro mechanic length drills are manufactured from a special high molybdenum tool steel, which improves the drills lubricity.</p>",,https://WinzerCE-caccteonh.ocecdn.oraclecloud.com/content/published/api/v1.1/assets/CONT1BE99C65BA4D46F9BCC8AB76B8D40056/native/66104116.jpg?channelToken=b2919ea283384f7f97e84cde8c787cbf,,Cutting Tools>Drills>Mechanics Drills,,,EA,,,,,,,Arbor Size|Brand|Teeth Per Inch|Finish|Length|Wire Diameter|Material|Diameter|Thickness|Point Type,|ShopPro||Gold|||High Moly Steel|7/16 Inch||135-Degree Split,,Active,,,
100000007950630,,661.84.564,F62825,,,,,,,5/64 Inch Wolverine 135-Degree Split Point Jobber Length Drill Gold Finish Hi-Moly Tool Steel,<p>Wolverine cutting tools are manufactured from a premium grade molybdenum high speed steel.</p>,,https://WinzerCE-caccteonh.ocecdn.oraclecloud.com/content/published/api/v1.1/assets/CONT6DAB92BD1E904D408FD62A8882E53CB9/native/66184.jpg?channelToken=b2919ea283384f7f97e84cde8c787cbf,,Cutting Tools>Drills>Jobber Drills,,,EA,,,,,,,Arbor Size|Brand|Teeth Per Inch|Finish|Length|Wire Diameter|Material|Diameter|Thickness|Point Type,|Wolverine||Black & Bronze|||High Moly Steel|5/64 inch||140-Degree Split,,Active,,,
100000007942172,,661.005.316,F64144,,,,,,,3/16 Inch Cobalt Mechanics Length Left Hand Drill Bit,<li>Cobalt Steel Material - Capable of drilling hardened materials.</li><li>Excellent Heat Wear Resistance. Longer tool life than HSS</li><li>135&deg; Split Point - Self-centering split point reduces walking and will engage the fastener more easily</li><li>Bronze Surface Treatment &ndash; For Maximum Lubricity. Adds a protective layer to the drill for longer tool life</li><li>3-Flat Shank &ndash; Reduces slippage in the drill chuck for easier operation. Sizes 3/16&rdquo; and above.</li><li><strong>Made in USA</strong></li>,,https://WinzerCE-caccteonh.ocecdn.oraclecloud.com/content/published/api/v1.1/assets/CONT1587DAC29B064D1EB440CD6B79537B21/native/661_005_14.JPG?channelToken=b2919ea283384f7f97e84cde8c787cbf,,Cutting Tools>Drills>Left Hand Drills,,,EA,,,,,,,Arbor Size|Brand|Teeth Per Inch|Finish|Length|Wire Diameter|Material|Diameter|Thickness|Point Type,||||2-3/16 Inch||Cobalt|3/16 inch||,,Active,,,
100000008036458,,767.02.0750,F25533,,,,,,,3/4 Inch Diameter Black Split Wrap Braided Sleeving - 50 Foot Roll,"<p>A lateral split, semi-rigid and flame retardant braided sleeving configuration used when ease of installation and repeat access to wire bundle is required. the lateral split allows the sleeving to open and accommodate a variety of bundling requirements. the 25% edge overlap rolls back over connectors and splices without exposing the bundled wires.</p>",,https://WinzerCE-caccteonh.ocecdn.oraclecloud.com/content/published/api/v1.1/assets/CONTE41326F2B22D4A32B16222595A17AE58/native/767_02_0250.jpg?channelToken=b2919ea283384f7f97e84cde8c787cbf,https://WinzerCE-caccteonh.ocecdn.oraclecloud.com/content/published/api/v1.1/assets/CONT78412AB6B14E474A940B53229637C755/native/767_02_0250_A.jpg?channelToken=b2919ea283384f7f97e84cde8c787cbf,Electrical>Wire & Wire Management>Conduit & Loom,,,EA,,,,,,,Amps|Color|Conductors|Gauge|Style|Inside Diameter|Material|Wire Diameter|Diameter|Electrical Size|Application|Brand|Connection Type|Length,||||||||3/4 Inch|||||50 Feet,,Active,,,
100000007915473,,881.40.6,F22378,,,,,,,8.875 Inch x .140 Inch Self Locking Wire Tie 40 Lb White - Pack of 100,"<p>HellermannTytons stainless steel ties are designed with a ball bearing locking mechanism to assure high tensile strength and easy insertion when securing hoses, cables, pipes and more. Available in 304 or 316 grades of stainless steel, providing protection when used in corrosive environments, fire resistance and temperature extremes.</p>",,https://WinzerCE-caccteonh.ocecdn.oraclecloud.com/content/published/api/v1.1/assets/CONT3F14F81F4F034B10B63BAE606E713E5D/native/881_8995.jpg?channelToken=b2919ea283384f7f97e84cde8c787cbf,,Electrical>Wire & Wire Management>Wire Ties,,,EA,,,,,,,Amps|Color|Conductors|Gauge|Style|Inside Diameter|Material|Wire Diameter|Diameter|Electrical Size|Application|Brand|Connection Type|Length,|White||||||||||||8.875 Inch,,Active,,,
100000007933717,,557.1592,F22159,,,,,,,4 Awg 5/16 Inch Stud Bare Copper Heavy Duty Correct Connect™ Seamless Starter Lug,"<p>The Seamless Copper Starter Lug is the latest addition to the Correct Connect line of products. this unique design utilizes new C2 technology that combines pure copper construction with a seamless pad to provide the ultimate performance in strength, conductivity and corrosion resistance.the innovative design is available in un-plated and tin plated options and features a flared and chamfered barrel to facilitate cable insertion.</p>",,https://WinzerCE-caccteonh.ocecdn.oraclecloud.com/content/published/api/v1.1/assets/CONTCB4BAC935C344E2B81606F7BE6C45705/native/5571601.jpg?channelToken=b2919ea283384f7f97e84cde8c787cbf,,Electrical>Automotive & Fleet>Battery Cable Lugs,,,EA,,,,,,,Amps|Color|Conductors|Gauge|Style|Inside Diameter|Material|Wire Diameter|Diameter|Electrical Size|Application|Brand|Connection Type|Length,|||4 AWG|||Copper|||||||,,Active,,,
100000007915471,,881.8.9012,F24056,,,,,,,14-1/2 Inch x .18 Inch Cable Tie Pack of 100,,,https://WinzerCE-caccteonh.ocecdn.oraclecloud.com/content/published/api/v1.1/assets/CONT2034ABBDB8844759A2AB76C4F4B0EF02/native/881_8_9034.jpg?channelToken=b2919ea283384f7f97e84cde8c787cbf,https://WinzerCE-caccteonh.ocecdn.oraclecloud.com/content/published/api/v1.1/assets/CONTA0D50AB843B14848B7E71E336F80F07C/native/881_8_9034_A.jpg?channelToken=b2919ea283384f7f97e84cde8c787cbf,Electrical>Wire & Wire Management>Wire Ties,,,EA,,,,,,,Amps|Color|Conductors|Gauge|Style|Inside Diameter|Material|Wire Diameter|Diameter|Electrical Size|Application|Brand|Connection Type|Length,|Black|||||Nylon|.18 Inch|||Wire & Tubing||Cable Tie|14-1/2 Inch,,Active,,,
100000007915280,,881.01.8986,F23945,,,,,,,4 Inch 18 Lb Premium Wire Tie Black,"<p>HellermannTyton standard cable ties feature inside serrations providing a positive hold onto wire and cable bundles. the head design guarantees high tensile strength, as well as a low insertion force. the bent tail design allows quick and simple installations by hand. For high volume applications, tensioning tools are availableto ensure consistent and safe installation.</p>",,https://WinzerCE-caccteonh.ocecdn.oraclecloud.com/content/published/api/v1.1/assets/CONT27B7929F31274B8A9174C4389D14224F/native/881_01_8986.jpg?channelToken=b2919ea283384f7f97e84cde8c787cbf,,Electrical>Wire & Wire Management>Wire Ties,,,EA,,,,,,,Amps|Color|Conductors|Gauge|Style|Inside Diameter|Material|Wire Diameter|Diameter|Electrical Size|Application|Brand|Connection Type|Length,|||||||||||||4 Inch,,Active,,,
100000008033004,,773.10.12,F21852,,,,,,,12 Awg General Purpose Primary Wire 100 Foot Roll Purple,"<p>General-purpose thermoplastic insulated wire ideal for automotive, truck, trailers, boats and other point-to-point, low voltage wiring applications. Its jacket surface is smooth enough to easily go through looms or conduit yet tough enough to resist grease, oil and acid. Meeting the standard for O.E or replacement applications, this single conductor copper wire is the ideal solution for dependable general purpose need.</p>",,https://WinzerCE-caccteonh.ocecdn.oraclecloud.com/content/published/api/v1.1/assets/CONTCD8142B1DFBA4517A36B031C2E2F1F75/native/7731014.jpg?channelToken=b2919ea283384f7f97e84cde8c787cbf,,Electrical>Wire & Wire Management>Electrical Wire,,,EA,,,,,,,Amps|Color|Conductors|Gauge|Style|Inside Diameter|Material|Wire Diameter|Diameter|Electrical Size|Application|Brand|Connection Type|Length,|Purple||||||||||||100 Feet,,Active,,,
100000007934869,,567.10.638,F25566,,,,,,,6 Gauge Nylon Insulated Ring Terminal Blue 3/8 Inch Stud,"<p>Nylon insulated terminals feature a semi-translucent insulation that makes it easier to visually inspect your connection. Additionally, nylon insulated terminals can be double-crimped on the wire and the insulation, providing a stronger connection. Nylon is a more flexible insulation material and less prone to cracking than Vinyl (PVC). Nylon insulation is also more chemical resistant than vinyl. Nylon terminals DO NOT offer a sealed connection like heat seal terminals.</p>",,https://WinzerCE-caccteonh.ocecdn.oraclecloud.com/content/published/api/v1.1/assets/CONT3785A28AE8274BBB84519C33E7552A6B/native/567_10_638.jpg?channelToken=b2919ea283384f7f97e84cde8c787cbf,"https://WinzerCE-caccteonh.ocecdn.oraclecloud.com/content/published/api/v1.1/assets/CONT43E53BB906B24D89963E0005A8FA2B14/native/567_10_638_b.JPG?channelToken=b2919ea283384f7f97e84cde8c787cbf,https://WinzerCE-caccteonh.ocecdn.oraclecloud.com/content/published/api/v1.1/assets/CONT9CB92639454C49C194A911D53332CAF6/native/567_10_638_c.JPG?channelToken=b2919ea283384f7f97e84cde8c787cbf,https://WinzerCE-caccteonh.ocecdn.oraclecloud.com/content/published/api/v1.1/assets/CONTC7602207F0354C3BB208477CAC62E5D4/native/567_10_638_a.JPG?channelToken=b2919ea283384f7f97e84cde8c787cbf",Electrical>Terminals>Nylon Insulated,,,EA,,,,,,,Amps|Color|Conductors|Gauge|Style|Inside Diameter|Material|Wire Diameter|Diameter|Electrical Size|Application|Brand|Connection Type|Length,|Blue||6 AWG||||||||||,,Active,,,
100000007931028,,553.0406,F23523,,,,,,,4 Cavity Seal Deutsch Connector Dt Series,"<p>DEUTSCH DT series connectors offer field proven reliability and rugged quality. the DT design strengths include optional flange mounting, multi-pin arrangements, and design flexibility. the DT series offers the designer the ability to use multiple size 16 contacts, each with 13 amp continuous capacity, within a single shell.</p>",,https://WinzerCE-caccteonh.ocecdn.oraclecloud.com/content/published/api/v1.1/assets/CONT6E62D4D808ED454B9A4C3819FD02BC9F/native/5530406.jpg?channelToken=b2919ea283384f7f97e84cde8c787cbf,,Electrical>Automotive & Fleet>Deutsch Connectors,,,EA,,,,,,,Amps|Color|Conductors|Gauge|Style|Inside Diameter|Material|Wire Diameter|Diameter|Electrical Size|Application|Brand|Connection Type|Length,||||||Silicone Rubber|||||||,,Active,,,
100000008035306,,773.03.18,WGP00850|F21974,,,,,,,18 Awg General Purpose Primary Wire 100 Foot Roll Black,"<p>General Purpose thermoplastic insulated wire ideal for automotive, truck, trailers, boats and other point-point, low voltage wiring applications. Its jacket material is smooth enough to easily go through loom on conduit yet tough enough to risist grease, oil and acid. Meeting the standard for O.E or replacement applications, this single conductor copper wire is the ideal solution for dependable general purpose needs.</p>",,https://WinzerCE-caccteonh.ocecdn.oraclecloud.com/content/published/api/v1.1/assets/CONT4095031E77DE4256921CEEC211F8B0F0/native/7730318.jpg?channelToken=b2919ea283384f7f97e84cde8c787cbf,,Electrical>Wire & Wire Management>Electrical Wire,,,EA,,,,,,,Amps|Color|Conductors|Gauge|Style|Inside Diameter|Material|Wire Diameter|Diameter|Electrical Size|Application|Brand|Connection Type|Length,|||18 AWG||||||||||100 Feet,,Active,,,
100000007929684,,548.50.60,F2278,,,,,,,6 Gauge Butt Connector Fully Insulated Pvc Blue,"<p>This PVC large gauge is designed with color coded insulation, which protects the contact point within.</p>",,https://WinzerCE-caccteonh.ocecdn.oraclecloud.com/content/published/api/v1.1/assets/CONTE6B4064DEE9340ADABF09D52E8E0D009/native/5485060.jpg?channelToken=b2919ea283384f7f97e84cde8c787cbf,,Electrical>Terminals>PVC Insulated,,,EA,,,,,,,Amps|Color|Conductors|Gauge|Style|Inside Diameter|Material|Wire Diameter|Diameter|Electrical Size|Application|Brand|Connection Type|Length,|Blue||6 AWG||||||||||,,Active,,,
100000007931797,,013.14.312,F110435,,,,,,,1/4-20 x 3-1/2 Inch Coarse Plain 18-8 (A2) Stainless Steel #3 Phillips Drive Pan Head Machine Screw,<p>Pan head design is slightly rounded with minimal vertical sides. Square drive is designed to reduce the risk of stripping and allow single-handed installation. Additionally reduces the ability to tamper with the fastener once installed.</p>,,https://WinzerCE-caccteonh.ocecdn.oraclecloud.com/content/published/api/v1.1/assets/CONT6DC75DEFE95C4CE081B2B5A24D02D993/native/013_1024_1.JPG?channelToken=b2919ea283384f7f97e84cde8c787cbf,,Fasteners>Screws>Machine Screws,,,EA,,,,,,,Diameter|Drive Type|Finish|Flange|Grade|Head Style|Height|Industry Number|Inside Diameter|Length|Material|Measurement|Origin|Outside Diameter|Point Type|Retainer Type|Spring Type|Thickness|Thread Size|Thread Type|Washer Type|Wire Diameter|Fasteners Size,|Phillips|Plain|||Pan||||3-1/2 Inch||Inch|IMPORT|||||||Coarse|||,,Active,,,
100000007935060,,030.8.1,C2157-1|C488-1|F116542,,,,,,,#8-32 x 1 Inch Coarse Zinc Plated Steel Slotted Drive Round Head Machine Screw,<p>These screws join metal objects together through existing tapped holes and are typically used in high-volume automotive or machinery assembly and repair because of their uniformity. They are smaller than most screws. Machine screws are identified by threading that remains the same size from the top of the screw to the bottom</p>,,https://WinzerCE-caccteonh.ocecdn.oraclecloud.com/content/published/api/v1.1/assets/CONT19018AC824D346B5A1D60EA69E07BB2E/native/030_12_112.JPG?channelToken=b2919ea283384f7f97e84cde8c787cbf,"https://WinzerCE-caccteonh.ocecdn.oraclecloud.com/content/published/api/v1.1/assets/CONTB1DD866D4C4D4119BD5A85AF6B1AFCBB/native/030_12_112_B.JPG?channelToken=b2919ea283384f7f97e84cde8c787cbf,https://WinzerCE-caccteonh.ocecdn.oraclecloud.com/content/published/api/v1.1/assets/CONTF9181F66424E42F2B2D111268411A11B/native/030_12_112_A.JPG?channelToken=b2919ea283384f7f97e84cde8c787cbf",Fasteners>Screws>Machine Screws,,,EA,,,,,,,Diameter|Drive Type|Finish|Flange|Grade|Head Style|Height|Industry Number|Inside Diameter|Length|Material|Measurement|Origin|Outside Diameter|Point Type|Retainer Type|Spring Type|Thickness|Thread Size|Thread Type|Washer Type|Wire Diameter|Fasteners Size,#8|Slotted|Zinc|||Round||||1 Inch|Steel|Inch|IMPORT|||||||Coarse|||,,Active,,,
100000007916624,,471.1.716.3,F131782,,,,,,,7/16 Inch x 3 Inch Extended Prong Cotter Pin Zinc Plated Steel,<p>Cotter pins are wire formed pins with two prongs that separate during installation. They are used as a locking device to hold pins or castle nuts in place. These low-cost and highly versatile fasteners are used virtually everywhere.</p>,,https://WinzerCE-caccteonh.ocecdn.oraclecloud.com/content/published/api/v1.1/assets/CONT6ECF1C8CDA2442A88A27C582EC0D40BC/native/471_1_14_412.jpg?channelToken=b2919ea283384f7f97e84cde8c787cbf,,Fasteners>Pins>Cotter Pins,,,EA,,,,,,,Diameter|Drive Type|Finish|Flange|Grade|Head Style|Height|Industry Number|Inside Diameter|Length|Material|Measurement|Origin|Outside Diameter|Point Type|Retainer Type|Spring Type|Thickness|Thread Size|Thread Type|Washer Type|Wire Diameter|Fasteners Size,7/16 Inch||Zinc|||||||3 Inch|Steel|Inch|||Extended Prong|Cotter Pin|||||||,,Active,,,
100000007978847,,126.1420.114,0064315-00|0064534-00|F16933,,,,,,,1/4-20 x 1-1/4 Inch Coarse Plain 18-8 (A2) Stainless Steel Flat Head Socket Cap Screw,<p>These machine screws have deeply sunk heads with flat top surfaces for fastening flatly against sides of metal joints and equipment. These screws sit flush against the surface of panels and electrical components for a finished look.</p>,,https://WinzerCE-caccteonh.ocecdn.oraclecloud.com/content/published/api/v1.1/assets/CONT2D07CAB9B69B4A8FA96B98B56A5192C7/native/126_1420_1.JPG?channelToken=b2919ea283384f7f97e84cde8c787cbf,"https://WinzerCE-caccteonh.ocecdn.oraclecloud.com/content/published/api/v1.1/assets/CONT9F730B355F0D4ACEBB5C422957F1B81B/native/126_1420_1_B.JPG?channelToken=b2919ea283384f7f97e84cde8c787cbf,https://WinzerCE-caccteonh.ocecdn.oraclecloud.com/content/published/api/v1.1/assets/CONTD45ACF3C983844F2B2AB6B3413D32650/native/126_1420_1_A.JPG?channelToken=b2919ea283384f7f97e84cde8c787cbf",Fasteners>Sockets>Flat Head,,,EA,,,,,,,Diameter|Drive Type|Finish|Flange|Grade|Head Style|Height|Industry Number|Inside Diameter|Length|Material|Measurement|Origin|Outside Diameter|Point Type|Retainer Type|Spring Type|Thickness|Thread Size|Thread Type|Washer Type|Wire Diameter|Fasteners Size,1/4 Inch|Internal Hex||||Flat||||1-1/4 Inch|18-8 Stainless Steel|Inch||||||||Coarse|||,,Active,,,
100000007960411,,090.14.234,F11803,,,,,,,1/4-28 x 2-3/4 Inch Fine Black Oxide Heat-Treated Alloy Steel Socket Cap Screw,"<p>Socket head cap screws are commonly used in machine assembly for removable panels and parts. They have a round cap with a hex head and are tightened with a socket wrench drive. Longer caps are easier to see when fastened, while button and flat head caps are less likely to snag clothing or linkages. Cap screws with a black oxide or armor coat finish resist corrosion.</p>",,https://WinzerCE-caccteonh.ocecdn.oraclecloud.com/content/published/api/v1.1/assets/CONT98BE2756B05E4261AD29CFCAE4D3BD7C/native/090_12_112.jpg?channelToken=b2919ea283384f7f97e84cde8c787cbf,"https://WinzerCE-caccteonh.ocecdn.oraclecloud.com/content/published/api/v1.1/assets/CONT9E41664DE30043288843751C5382DE73/native/090_12_112_A.jpg?channelToken=b2919ea283384f7f97e84cde8c787cbf,https://WinzerCE-caccteonh.ocecdn.oraclecloud.com/content/published/api/v1.1/assets/CONTB7615F3B0D684A649D2EFFBAD6246E15/native/090_12_112_B.jpg?channelToken=b2919ea283384f7f97e84cde8c787cbf",Fasteners>Sockets>Socket Cap Screws,,,EA,,,,,,,Diameter|Drive Type|Finish|Flange|Grade|Head Style|Height|Industry Number|Inside Diameter|Length|Material|Measurement|Origin|Outside Diameter|Point Type|Retainer Type|Spring Type|Thickness|Thread Size|Thread Type|Washer Type|Wire Diameter|Fasteners Size,|Internal Hex|Black Oxide|||Socket||||2-3/4 Inch||Inch|IMPORT|||||||Fine|||,,Active,,,
100000007935827,,036.12.12,F111840,,,,,,,#12-24 x 1/2 Inch Coarse Plain 18-8 (A2) Stainless Steel Slotted Drive Round Head Machine Screw,<p>These screws join metal objects together through existing tapped holes and are typically used in high-volume automotive or machinery assembly and repair because of their uniformity. They are smaller than most screws. Machine screws are identified by threading that remains the same size from the top of the screw to the bottom</p>,,https://WinzerCE-caccteonh.ocecdn.oraclecloud.com/content/published/api/v1.1/assets/CONT156C8679BB5346C1A46C90606E44317C/native/036_14_112.JPG?channelToken=b2919ea283384f7f97e84cde8c787cbf,"https://WinzerCE-caccteonh.ocecdn.oraclecloud.com/content/published/api/v1.1/assets/CONT80D0686E3F49405C84531AB67EFE8488/native/036_14_112_B.JPG?channelToken=b2919ea283384f7f97e84cde8c787cbf,https://WinzerCE-caccteonh.ocecdn.oraclecloud.com/content/published/api/v1.1/assets/CONTFB6E79A499D045BFB9D6EE369E1BBCD3/native/036_14_112_A.JPG?channelToken=b2919ea283384f7f97e84cde8c787cbf",Fasteners>Screws>Machine Screws,,,EA,,,,,,,Diameter|Drive Type|Finish|Flange|Grade|Head Style|Height|Industry Number|Inside Diameter|Length|Material|Measurement|Origin|Outside Diameter|Point Type|Retainer Type|Spring Type|Thickness|Thread Size|Thread Type|Washer Type|Wire Diameter|Fasteners Size,#12|Slotted|Plain|||Round||||1/2 Inch|18-8 Stainless Steel|Inch|IMPORT|||||||Coarse|||,,Active,,,
100000007897420,,366.7.0,F14158,,,,,,,M10 x 1.25 Coarse Copper Plated Steel Din 14441 Self Locking Hex Nut,"<p>From cap screws to hitch pins, we are a master distributor for fasteners of all types. Available in inch and metric sizes, we are your single source solution. Additionally, we offer both domestic and imported options for most fastener types.</p>",,https://WinzerCE-caccteonh.ocecdn.oraclecloud.com/content/published/api/v1.1/assets/CONT9B4E0774208147DD8CB3F4240FE5B6E9/native/3661.jpg?channelToken=b2919ea283384f7f97e84cde8c787cbf,,Fasteners>Nuts>Lock Nuts,,,EA,,,,,,,Diameter|Drive Type|Finish|Flange|Grade|Head Style|Height|Industry Number|Inside Diameter|Length|Material|Measurement|Origin|Outside Diameter|Point Type|Retainer Type|Spring Type|Thickness|Thread Size|Thread Type|Washer Type|Wire Diameter|Fasteners Size,M10||Copper||||||||Steel|Metric||||||||Coarse|||,,Active,,,
100000007934292,,030.6.14,721223007|721223007|C8136|F19927,,,,,,,#6-32 x 1/4 Inch Coarse Zinc Plated Steel Slotted Drive Round Head Machine Screw,<p>These screws join metal objects together through existing tapped holes and are typically used in high-volume automotive or machinery assembly and repair because of their uniformity. They are smaller than most screws. Machine screws are identified by threading that remains the same size from the top of the screw to the bottom</p>,,https://WinzerCE-caccteonh.ocecdn.oraclecloud.com/content/published/api/v1.1/assets/CONT19018AC824D346B5A1D60EA69E07BB2E/native/030_12_112.JPG?channelToken=b2919ea283384f7f97e84cde8c787cbf,"https://WinzerCE-caccteonh.ocecdn.oraclecloud.com/content/published/api/v1.1/assets/CONTB1DD866D4C4D4119BD5A85AF6B1AFCBB/native/030_12_112_B.JPG?channelToken=b2919ea283384f7f97e84cde8c787cbf,https://WinzerCE-caccteonh.ocecdn.oraclecloud.com/content/published/api/v1.1/assets/CONTF9181F66424E42F2B2D111268411A11B/native/030_12_112_A.JPG?channelToken=b2919ea283384f7f97e84cde8c787cbf",Fasteners>Screws>Machine Screws,,,EA,,,,,,,Diameter|Drive Type|Finish|Flange|Grade|Head Style|Height|Industry Number|Inside Diameter|Length|Material|Measurement|Origin|Outside Diameter|Point Type|Retainer Type|Spring Type|Thickness|Thread Size|Thread Type|Washer Type|Wire Diameter|Fasteners Size,#6|Slotted|Zinc|||Round||||1/4 Inch|Steel|Inch|IMPORT|||||||Coarse|||,,Active,,,
100000007920850,,495.9002,F12173,,,,,,,.032 Inch x .250 Inch Torsion Spring,,,https://WinzerCE-caccteonh.ocecdn.oraclecloud.com/content/published/api/v1.1/assets/CONT208DC261E8674C2DBDF2FB1C8C0AB545/native/4959002.jpg?channelToken=b2919ea283384f7f97e84cde8c787cbf,,Fasteners>Clips & Retainers>Springs,,,EA,,,,,,,Diameter|Drive Type|Finish|Flange|Grade|Head Style|Height|Industry Number|Inside Diameter|Length|Material|Measurement|Origin|Outside Diameter|Point Type|Retainer Type|Spring Type|Thickness|Thread Size|Thread Type|Washer Type|Wire Diameter|Fasteners Size,||Zinc|||||||.250 Inch|Spring Steel|Inch|||||Torsion|||||.032 Inch|,,Active,,,
100000007985376,,142.14.4,02471255|F110883,,,,,,,#14 x 4 Inch Zinc Plated Alloy Steel Phillips Flat Head Wood Screw,"<p>From cap screws to hitch pins, we are a master distributor for fasteners of all types. Available in inch and metric sizes, we are your single source solution. Additionally, we offer both domestic and imported options for most fastener types.</p>",,https://WinzerCE-caccteonh.ocecdn.oraclecloud.com/content/published/api/v1.1/assets/CONT8A640836360E4CA7A2B75D80AFAFAA03/native/142_4_1.JPG?channelToken=b2919ea283384f7f97e84cde8c787cbf,"https://WinzerCE-caccteonh.ocecdn.oraclecloud.com/content/published/api/v1.1/assets/CONT6C74C98FB60244E1A6C4FA1F34C770E6/native/142_4_1_B.JPG?channelToken=b2919ea283384f7f97e84cde8c787cbf,https://WinzerCE-caccteonh.ocecdn.oraclecloud.com/content/published/api/v1.1/assets/CONT8699F6D802134CA09DE4DB9B420A3881/native/142_4_1_A.JPG?channelToken=b2919ea283384f7f97e84cde8c787cbf",Fasteners>Screws>Wood Screws,,,EA,,,,,,,Diameter|Drive Type|Finish|Flange|Grade|Head Style|Height|Industry Number|Inside Diameter|Length|Material|Measurement|Origin|Outside Diameter|Point Type|Retainer Type|Spring Type|Thickness|Thread Size|Thread Type|Washer Type|Wire Diameter|Fasteners Size,#14|Phillips|Zinc|||Flat||||4 Inch|Alloy Steel|Inch|||||||||||,,Active,,,
100000008023977,,295.7.1418,F74863,,,,,,,"1/4"" X 1/8"" Schedule 40 NPT 316 Stainless Steel Reducing Coupling","<p>These schedule 40 stainless steal 316 reducer coupling fittings are suitable for use with gas, oil and air application.</p>",,https://WinzerCE-caccteonh.ocecdn.oraclecloud.com/content/published/api/v1.1/assets/CONT2FE6B022A7BA455A8B8BBC3E3BFEE607/native/2957138.jpg?channelToken=b2919ea283384f7f97e84cde8c787cbf,,Fluid Power>Steel / Stainless & Malleable Fittings>Pipe Fittings,,,EA,,,,,,,Connection Type|Pipe Size|Schedule|Tube Size|Style|Industry Number|Inside Diameter|Manufacturer|Thread Size|Outside Diameter|Length|Diameter|Fluid Size|Color|Finish|Material|Brand,|||||||||||||||316 Stainless Steel,,Active,,,
100000008018022,,291.4412,F76943,,,,,,,"1/4"" Schedule 40 Female NPT Black Welded Malleable Iron 45 Degree Elbow USA","<p>These schedule 40 malleable iron 90 degree elbow fittings are designed with an extra heavy shoulder on swivel end and in The  nut to stand pipe strains, vibration, and wrench abuse.</p>",,https://WinzerCE-caccteonh.ocecdn.oraclecloud.com/content/published/api/v1.1/assets/CONT8D0C582A2A35467888E427E44B744883/native/291_4417.JPG?channelToken=b2919ea283384f7f97e84cde8c787cbf,https://WinzerCE-caccteonh.ocecdn.oraclecloud.com/content/published/api/v1.1/assets/CONT012972B1D643402FA0C6E19C8C9193FC/native/291_4417_A.JPG?channelToken=b2919ea283384f7f97e84cde8c787cbf,Fluid Power>Steel / Stainless & Malleable Fittings>Pipe Fittings,,,EA,,,,,,,Connection Type|Pipe Size|Schedule|Tube Size|Style|Industry Number|Inside Diameter|Manufacturer|Thread Size|Outside Diameter|Length|Diameter|Fluid Size|Color|Finish|Material|Brand,FNPT||140|||||||||||||Malleable Iron,,Active,,,
100000007962714,,675.02.106,F77976,,,,,,,5/8 Inch x 3/8 Inch Male Pipe 90 Degree Elbow Brass Fuel Hose Fitting - Single Barb,<p>The brass fuel hose fittings are used with low pressure hoses.</p>,,https://WinzerCE-caccteonh.ocecdn.oraclecloud.com/content/published/api/v1.1/assets/CONT8C6E940201C74626A04FB520C8D0F4D1/native/6750242.jpg?channelToken=b2919ea283384f7f97e84cde8c787cbf,,Fluid Power>Brass Fittings>Fuel Hose Fittings,,,EA,,,,,,,Connection Type|Pipe Size|Schedule|Tube Size|Style|Industry Number|Inside Diameter|Manufacturer|Thread Size|Outside Diameter|Length|Diameter|Fluid Size|Color|Finish|Material|Brand,|3/8 Inch|||||5/8 Inch|||||||||Brass,,Active,,,
100000008017254,,291.3414,F71673,,,,,,,"3/4"" X 1/4"" Schedule 40 Female NPT Black Welded Malleable Iron Reducing Coupling USA","<p>These schedule 40 malleable iron reducing coupling fittings are designed with an extra heavy shoulder on swivel end and in The  nut to stand pipe strains, vibration, and wrench abuse.</p>",,https://WinzerCE-caccteonh.ocecdn.oraclecloud.com/content/published/api/v1.1/assets/CONT173785E8E2BB4D66BD1D9074C483C51A/native/291_114.JPG?channelToken=b2919ea283384f7f97e84cde8c787cbf,,Fluid Power>Steel / Stainless & Malleable Fittings>Pipe Fittings,,,EA,,,,,,,Connection Type|Pipe Size|Schedule|Tube Size|Style|Industry Number|Inside Diameter|Manufacturer|Thread Size|Outside Diameter|Length|Diameter|Fluid Size|Color|Finish|Material|Brand,FNPT||140|||||||||||||Malleable Iron,,Active,,,
100000008018021,,291.4406,F7984,,,,,,,"1"" Schedule 40 Female NPT Black Welded Malleable Iron 90 Degree Elbow USA","<p>These schedule 40 malleable iron 90 degree elbow fittings are designed with an extra heavy shoulder on swivel end and in The  nut to stand pipe strains, vibration, and wrench abuse.</p>",,https://WinzerCE-caccteonh.ocecdn.oraclecloud.com/content/published/api/v1.1/assets/CONTA064D895DA6445889C75BA4A7DEF88C3/native/291_4407.JPG?channelToken=b2919ea283384f7f97e84cde8c787cbf,https://WinzerCE-caccteonh.ocecdn.oraclecloud.com/content/published/api/v1.1/assets/CONTEAFD61A422FD4003B12A959AB6D1A05A/native/291_4407_A.JPG?channelToken=b2919ea283384f7f97e84cde8c787cbf,Fluid Power>Steel / Stainless & Malleable Fittings>Pipe Fittings,,,EA,,,,,,,Connection Type|Pipe Size|Schedule|Tube Size|Style|Industry Number|Inside Diameter|Manufacturer|Thread Size|Outside Diameter|Length|Diameter|Fluid Size|Color|Finish|Material|Brand,FNPT||140|||||||||1 Inch||||Malleable Iron,,Active,,,
100000007955032,,670.05.84,F74044,,,,,,,1/4 Inch x 1/2 Inch Standard Brass Inverted Flare Tube Male Connector,<p>The male connector tube is made out of pure steel and designed to have excellent vibration resistance.</p>,,https://WinzerCE-caccteonh.ocecdn.oraclecloud.com/content/published/api/v1.1/assets/CONT9BD9F31E4F9F4678B71C6946A54D69F1/native/6700564.jpg?channelToken=b2919ea283384f7f97e84cde8c787cbf,,Fluid Power>Brass Fittings>Brass Tube Fittings,,,EA,,,,,,,Connection Type|Pipe Size|Schedule|Tube Size|Style|Industry Number|Inside Diameter|Manufacturer|Thread Size|Outside Diameter|Length|Diameter|Fluid Size|Color|Finish|Material|Brand,|1/4 Inch||1/2 Inch||||||||||||Brass,,Active,,,
100000008017063,,291.3412,F77252,,,,,,,"3/4"" X 1/2"" Schedule 40 Female NPT Black Welded Malleable Iron Reducing Coupling USA","<p>These schedule 40 malleable iron reducing coupling fittings are designed with an extra heavy shoulder on swivel end and in The  nut to stand pipe strains, vibration, and wrench abuse.</p>",,https://WinzerCE-caccteonh.ocecdn.oraclecloud.com/content/published/api/v1.1/assets/CONT173785E8E2BB4D66BD1D9074C483C51A/native/291_114.JPG?channelToken=b2919ea283384f7f97e84cde8c787cbf,,Fluid Power>Steel / Stainless & Malleable Fittings>Pipe Fittings,,,EA,,,,,,,Connection Type|Pipe Size|Schedule|Tube Size|Style|Industry Number|Inside Diameter|Manufacturer|Thread Size|Outside Diameter|Length|Diameter|Fluid Size|Color|Finish|Material|Brand,FNPT||140|||||||||||||Malleable Iron,,Active,,,
100000008025510,,292.016.14,F76423,,,,,,,1/4 Inch Sch 40 Threaded Galvanized Malleable Iron Merchants Coupling,<p>The malleable iron 150 PSI schedule 40 is designed with dimensions that conform to federal and national standards.</p>,,https://WinzerCE-caccteonh.ocecdn.oraclecloud.com/content/published/api/v1.1/assets/CONTC0DE19C19F7D411190A5304457E92D56/native/29201634.jpg?channelToken=b2919ea283384f7f97e84cde8c787cbf,,Fluid Power>Steel / Stainless & Malleable Fittings>Pipe Fittings,,,EA,,,,,,,Connection Type|Pipe Size|Schedule|Tube Size|Style|Industry Number|Inside Diameter|Manufacturer|Thread Size|Outside Diameter|Length|Diameter|Fluid Size|Color|Finish|Material|Brand,FNPT||140||||||||||||Galvanized|Malleable Iron,,Active,,,
100000008022438,,294.0.12.412,F71551,,,,,,,"1/2"" X 4-1/2"" Schedule 160 Male NPT Black Seamless Carbon Steel Pipe Nipple USA","<p>These schedule 160 seamless black seamless carbon steel nipple fittings are suitable for use with gas, oil and air applications.</p>",,https://WinzerCE-caccteonh.ocecdn.oraclecloud.com/content/published/api/v1.1/assets/CONT208A049BB98043ADA9C40251EE1F5EAF/native/2940112.jpg?channelToken=b2919ea283384f7f97e84cde8c787cbf,https://WinzerCE-caccteonh.ocecdn.oraclecloud.com/content/published/api/v1.1/assets/CONT5C6EA7FD4602405DA271626EBA0FBB32/native/294_0_2_A.JPG?channelToken=b2919ea283384f7f97e84cde8c787cbf,Fluid Power>Steel / Stainless & Malleable Fittings>Pipe Fittings,,,EA,,,,,,,Connection Type|Pipe Size|Schedule|Tube Size|Style|Industry Number|Inside Diameter|Manufacturer|Thread Size|Outside Diameter|Length|Diameter|Fluid Size|Color|Finish|Material|Brand,MNPT||60||||||||4-1/2 Inch||||Black|Steel,,Active,,,
100000007959065,,673.12.86,F77289,,,,,,,3/8 Inch x 1/2 Inch Brass Compression Tube Male Branch Tee,"<p>The brass compression tube fittings are designed to be easy to assemble, no flaring and have bodies that come with nuts.</p>",,https://WinzerCE-caccteonh.ocecdn.oraclecloud.com/content/published/api/v1.1/assets/CONT159307BD646745D99A55ADF96D6BE695/native/6731264.jpg?channelToken=b2919ea283384f7f97e84cde8c787cbf,,Fluid Power>Brass Fittings>Brass Tube Fittings,,,EA,,,,,,,Connection Type|Pipe Size|Schedule|Tube Size|Style|Industry Number|Inside Diameter|Manufacturer|Thread Size|Outside Diameter|Length|Diameter|Fluid Size|Color|Finish|Material|Brand,|3/8 Inch||1/2 Inch||||||||||||Brass,,Active,,,
100000007914896,,867.2700,F44740,,,,,,,Black Powder-Free Nitrile Exam Gloves - Small,,,https://WinzerCE-caccteonh.ocecdn.oraclecloud.com/content/published/api/v1.1/assets/CONTB7DD24D54FC346E89C28922B3E81CBCF/native/867_2700.jpg?channelToken=b2919ea283384f7f97e84cde8c787cbf,"https://WinzerCE-caccteonh.ocecdn.oraclecloud.com/content/published/api/v1.1/assets/CONTB797A6F9F97A4694858B3406198C3F24/native/867_2700_A.jpg?channelToken=b2919ea283384f7f97e84cde8c787cbf,https://WinzerCE-caccteonh.ocecdn.oraclecloud.com/content/published/api/v1.1/assets/CONTD6C6C23AD7EC4E808D0F3585189A9034/native/867_2700_B.jpg?channelToken=b2919ea283384f7f97e84cde8c787cbf",Safety>Hand Protection>Disposable Gloves,,,EA,,,,,,,Style|Color|Manufacturer|Thickness|Brand|Material|Safety Size|Length|Coating|Coating Gauge|Cut|Abrasion|Puncture,Exam|Black|Ammex Corporation|3 Mil|Ammex|Nitrile|Small|,,Active,,,
100000007913938,,867.00.03,F44747,,,,,,,Bobcat Nylon Shell/Polyurethane Coated Palm Work Gloves Small,"Wearing the right industrial safety gloves can be instrumental in preventing short and long term workplace injuries, including cuts, punctures, chemical burns, thermal burns, frostbite, abrasion hazards, and so much more.",,https://WinzerCE-caccteonh.ocecdn.oraclecloud.com/content/published/api/v1.1/assets/CONT429038ECEF634834B81A2049051A2C99/native/867_00_03_1.jpg?channelToken=b2919ea283384f7f97e84cde8c787cbf,,Safety>Hand Protection>General Purpose Gloves,,,EA,,,,,,,Style|Color|Manufacturer|Thickness|Brand|Material|Safety Size|Length|Coating|Coating Gauge|Cut|Abrasion|Puncture,Safety Apparel||||||Small|,,Active,,,
100000007914913,,867.2801,F4900,,,,,,,Medium 5 Mil Ivory Textured Latex Powder Free Gloveplus Premium Exam Glove - 100 Per Box,"<p>GlovePlus Powder Free Latex is chemically resistant to many acids and bases, including chlorine, formaldehyde and iodine. the surface of the glove is textured which will give you an enhanced grip. theres no powder on the inside of the glove so you dont have to worry about messy powder residue. And the GlovePlus Powder Free Latex glove is available in 5 sizes, ranging from extra small to extra large so everyone can achieve the correct fit and benefit from the gloves strength and dexterity.</p>",,https://WinzerCE-caccteonh.ocecdn.oraclecloud.com/content/published/api/v1.1/assets/CONTB0E19B998CD747FC874A9E414E66D016/native/867_2800.jpg?channelToken=b2919ea283384f7f97e84cde8c787cbf,"https://WinzerCE-caccteonh.ocecdn.oraclecloud.com/content/published/api/v1.1/assets/CONT7647E04B2EAC4F69B1F72D72C11EE0BF/native/867_2800_B.jpg?channelToken=b2919ea283384f7f97e84cde8c787cbf,https://WinzerCE-caccteonh.ocecdn.oraclecloud.com/content/published/api/v1.1/assets/CONTB6EDCBC5ADA343DE9B2A565DE95A52A2/native/867_2800_A.jpg?channelToken=b2919ea283384f7f97e84cde8c787cbf",Safety>Hand Protection>Disposable Gloves,,,EA,,,,,,,Style|Color|Manufacturer|Thickness|Brand|Material|Safety Size|Length|Coating|Coating Gauge|Cut|Abrasion|Puncture,Exam|Ivory|Ammex Corporation|4 Mil|Ammex|Latex|Medium|,,Active,,,
100000007910107,,865.11.123,F43605,,,,,,,Eyewash Liquid one ounce bottle,Eye Wash solution for industrial safety stations.,,https://WinzerCE-caccteonh.ocecdn.oraclecloud.com/content/published/api/v1.1/assets/CONTD0BC2B4BF35E4FF5A5123057B8210E93/native/865_11_123.jpg?channelToken=b2919ea283384f7f97e84cde8c787cbf,,Safety>First Aid>Eye Care,,,EA,,,,,,,Style|Color|Manufacturer|Thickness|Brand|Material|Safety Size|Length|Coating|Coating Gauge|Cut|Abrasion|Puncture,||||||Small|,,Active,,,
100000007912806,,865.2.1031,F41136,,,,,,,Smoke Lens Black Frame Polycarbonate Rock Safety Eyewear,"<p>Radians Rock&trade; Safety Glass has a sleek,lightweight design with rubber tipped temples.</p>",,https://WinzerCE-caccteonh.ocecdn.oraclecloud.com/content/published/api/v1.1/assets/CONTC94AE7513D8344CC8D65B6980935781D/native/865_2_1031_a.JPG?channelToken=b2919ea283384f7f97e84cde8c787cbf,,Safety>Personal Protection>Eye Protection & Safety Glasses,,,EA,,,,,,,Style|Color|Manufacturer|Thickness|Brand|Material|Safety Size|Length|Coating|Coating Gauge|Cut|Abrasion|Puncture,Safety Apparel|Smoke||||Polycarbonate||,,Active,,,
100000007913783,,865.211,F43737,,,,,,,Radians 4601 X-Large Snow Blower Insulated General Purpose Gloves,"Insulating gloves offer personal hand protection for workers against electrical shocks when working near or on live wires, cables and electrical equipment.",,https://WinzerCE-caccteonh.ocecdn.oraclecloud.com/content/published/api/v1.1/assets/CONTA438588B54574236ADFD9DF6CB469306/native/865.211.jpeg?channelToken=b2919ea283384f7f97e84cde8c787cbf,,Safety>Hand Protection>General Purpose Gloves,,,EA,,,,,,BROCHURE|https://WinzerCE-caccteonh.ocecdn.oraclecloud.com/content/published/api/v1.1/assets/CONTE46F2B37A8BC4890A03CE040B51B7727/native/865_2110_tds.pdf?channelToken=b2919ea283384f7f97e84cde8c787cbf|TECHSHEET|https://WinzerCE-caccteonh.ocecdn.oraclecloud.com/content/published/api/v1.1/assets/CONTE46F2B37A8BC4890A03CE040B51B7727/native/865_2110_tds.pdf?channelToken=b2919ea283384f7f97e84cde8c787cbf,Style|Color|Manufacturer|Thickness|Brand|Material|Safety Size|Length|Coating|Coating Gauge|Cut|Abrasion|Puncture,Safety Apparel|Orange||||PVC|X-Large|,,Active,,,
100000007913783,,865.211,F43737,,,,,,,Radians 4601 X-Large Snow Blower Insulated General Purpose Gloves,"Insulating gloves offer personal hand protection for workers against electrical shocks when working near or on live wires, cables and electrical equipment.",,https://WinzerCE-caccteonh.ocecdn.oraclecloud.com/content/published/api/v1.1/assets/CONTA438588B54574236ADFD9DF6CB469306/native/865.211.jpeg?channelToken=b2919ea283384f7f97e84cde8c787cbf,,Safety>Hand Protection>General Purpose Gloves,,,EA,,,,,,BROCHURE|https://WinzerCE-caccteonh.ocecdn.oraclecloud.com/content/published/api/v1.1/assets/CONTE46F2B37A8BC4890A03CE040B51B7727/native/865_2110_tds.pdf?channelToken=b2919ea283384f7f97e84cde8c787cbf|TECHSHEET|https://WinzerCE-caccteonh.ocecdn.oraclecloud.com/content/published/api/v1.1/assets/CONTE46F2B37A8BC4890A03CE040B51B7727/native/865_2110_tds.pdf?channelToken=b2919ea283384f7f97e84cde8c787cbf,Style|Color|Manufacturer|Thickness|Brand|Material|Safety Size|Length|Coating|Coating Gauge|Cut|Abrasion|Puncture,Safety Apparel|Orange||||PVC|X-Large|,,Active,,,
100000007913788,,865.2100,F4356,,,,,,,"Universal Contractor Grade Gray Absorbent Pad 15""x18""","<div>Universal Contractor Grade Gray absorbent pads are the economical choice for quick, easy cleanup with Universal absorbency — used for both oil-and water-based liquids Perforations allow you to use only what you need. Dimples add fast-wicking power . Quickly absorbs leaks, spills and overspray to keep floors dry . Perfect for light-duty industrial, maintenance and general applications . Pads are ideal for catching leaks and soaking up spills . HighLoft construction is sturdy and soft.</div><div><br/></div>",,https://WinzerCE-caccteonh.ocecdn.oraclecloud.com/content/published/api/v1.1/assets/CONT5AA95F3944054A00A50BE97657DDD4D4/native/865_2101.jpg?channelToken=b2919ea283384f7f97e84cde8c787cbf,,Safety>Facility & Equipment>Spill Control,,,EA,,,,,,BROCHURE|https://WinzerCE-caccteonh.ocecdn.oraclecloud.com/content/published/api/v1.1/assets/CONT926779E441D948839339B6EA8EE22A80/native/865_2100_tds.pdf?channelToken=b2919ea283384f7f97e84cde8c787cbf|TECHSHEET|https://WinzerCE-caccteonh.ocecdn.oraclecloud.com/content/published/api/v1.1/assets/CONT96E7B76DAA31445FB02AB0FCECCC4D34/native/865_2100.pdf?channelToken=b2919ea283384f7f97e84cde8c787cbf|TECHSHEET|https://WinzerCE-caccteonh.ocecdn.oraclecloud.com/content/published/api/v1.1/assets/CONTF3AA362A9F824A75B2A43062AEE43E4E/native/865_2100_tds.pdf?channelToken=b2919ea283384f7f97e84cde8c787cbf,Style|Color|Manufacturer|Thickness|Brand|Material|Safety Size|Length|Coating|Coating Gauge|Cut|Abrasion|Puncture,|Gray||||Polypropylene|Medium|,,Active,,,
100000007913788,,865.2100,F4356,,,,,,,"Universal Contractor Grade Gray Absorbent Pad 15""x18""","<div>Universal Contractor Grade Gray absorbent pads are the economical choice for quick, easy cleanup with Universal absorbency — used for both oil-and water-based liquids Perforations allow you to use only what you need. Dimples add fast-wicking power . Quickly absorbs leaks, spills and overspray to keep floors dry . Perfect for light-duty industrial, maintenance and general applications . Pads are ideal for catching leaks and soaking up spills . HighLoft construction is sturdy and soft.</div><div><br/></div>",,https://WinzerCE-caccteonh.ocecdn.oraclecloud.com/content/published/api/v1.1/assets/CONT5AA95F3944054A00A50BE97657DDD4D4/native/865_2101.jpg?channelToken=b2919ea283384f7f97e84cde8c787cbf,,Safety>Facility & Equipment>Spill Control,,,EA,,,,,,BROCHURE|https://WinzerCE-caccteonh.ocecdn.oraclecloud.com/content/published/api/v1.1/assets/CONT926779E441D948839339B6EA8EE22A80/native/865_2100_tds.pdf?channelToken=b2919ea283384f7f97e84cde8c787cbf|TECHSHEET|https://WinzerCE-caccteonh.ocecdn.oraclecloud.com/content/published/api/v1.1/assets/CONT96E7B76DAA31445FB02AB0FCECCC4D34/native/865_2100.pdf?channelToken=b2919ea283384f7f97e84cde8c787cbf|TECHSHEET|https://WinzerCE-caccteonh.ocecdn.oraclecloud.com/content/published/api/v1.1/assets/CONTF3AA362A9F824A75B2A43062AEE43E4E/native/865_2100_tds.pdf?channelToken=b2919ea283384f7f97e84cde8c787cbf,Style|Color|Manufacturer|Thickness|Brand|Material|Safety Size|Length|Coating|Coating Gauge|Cut|Abrasion|Puncture,|Gray||||Polypropylene|Medium|,,Active,,,
100000007913788,,865.2100,F4356,,,,,,,"Universal Contractor Grade Gray Absorbent Pad 15""x18""","<div>Universal Contractor Grade Gray absorbent pads are the economical choice for quick, easy cleanup with Universal absorbency — used for both oil-and water-based liquids Perforations allow you to use only what you need. Dimples add fast-wicking power . Quickly absorbs leaks, spills and overspray to keep floors dry . Perfect for light-duty industrial, maintenance and general applications . Pads are ideal for catching leaks and soaking up spills . HighLoft construction is sturdy and soft.</div><div><br/></div>",,https://WinzerCE-caccteonh.ocecdn.oraclecloud.com/content/published/api/v1.1/assets/CONT5AA95F3944054A00A50BE97657DDD4D4/native/865_2101.jpg?channelToken=b2919ea283384f7f97e84cde8c787cbf,,Safety>Facility & Equipment>Spill Control,,,EA,,,,,,BROCHURE|https://WinzerCE-caccteonh.ocecdn.oraclecloud.com/content/published/api/v1.1/assets/CONT926779E441D948839339B6EA8EE22A80/native/865_2100_tds.pdf?channelToken=b2919ea283384f7f97e84cde8c787cbf|TECHSHEET|https://WinzerCE-caccteonh.ocecdn.oraclecloud.com/content/published/api/v1.1/assets/CONT96E7B76DAA31445FB02AB0FCECCC4D34/native/865_2100.pdf?channelToken=b2919ea283384f7f97e84cde8c787cbf|TECHSHEET|https://WinzerCE-caccteonh.ocecdn.oraclecloud.com/content/published/api/v1.1/assets/CONTF3AA362A9F824A75B2A43062AEE43E4E/native/865_2100_tds.pdf?channelToken=b2919ea283384f7f97e84cde8c787cbf,Style|Color|Manufacturer|Thickness|Brand|Material|Safety Size|Length|Coating|Coating Gauge|Cut|Abrasion|Puncture,|Gray||||Polypropylene|Medium|,,Active,,,
100000007937753,,604.9005,F9462,,,,,,,1-9/16 Laminated Padlock,<p>The Master Brand No. 3 padlocks have a hardened steel shackle.</p>,,https://WinzerCE-caccteonh.ocecdn.oraclecloud.com/content/published/api/v1.1/assets/CONTD20F58ED17934E74B88E248C74F53A9B/native/6049005.jpg?channelToken=b2919ea283384f7f97e84cde8c787cbf,,Security>Locks & Accessories>Padlocks,,,EA,,,,,,,Application|Manufacturer|Model,||,,Active,,,
100000007936246,,601.111,F9623,,,,,,,Schlage Architectural Universal Key Blank (Sc1),"<p>Key blanks provide stock for cutting original keys or making duplicates. They are available in high-quality brass and nickel-plated construction to prevent corrosion. Key types from specific lock manufacturers, furniture makers, and car and truck companies can be used to duplicate keys for specialized purposes.</p>",,https://WinzerCE-caccteonh.ocecdn.oraclecloud.com/content/published/api/v1.1/assets/CONT64C2EA6E15F14F40BC0240A724A9F978/native/601111.jpg?channelToken=b2919ea283384f7f97e84cde8c787cbf,,Security>Keys>Architectural,,,EA,,,,,,,Application|Manufacturer|Model,||,,Active,,,
100000007937714,,604.9010,90050-1001|F9461,,,,,,,Zenoy Lockout Lock Red,<p>The 410 Series Master Locks are designed for safety lockout use.</p>,,https://WinzerCE-caccteonh.ocecdn.oraclecloud.com/content/published/api/v1.1/assets/CONT9EF5436AAA1B40CCB8B788D702EDCE6A/native/604_9010.jpg?channelToken=b2919ea283384f7f97e84cde8c787cbf,,Security>Locks & Accessories>Padlocks,,,EA,,,,,,,Application|Manufacturer|Model,||,,Active,,,
100000007937698,,604.9009,F9437,,,,,,,Combination Padlock With Re-Settable Code,<p>The Master No. 175 Combination padlocks are made from solid brass for durability.</p>,,https://WinzerCE-caccteonh.ocecdn.oraclecloud.com/content/published/api/v1.1/assets/CONTDE6766CCA76D4A5EA79949DE6D736493/native/6049009.jpg?channelToken=b2919ea283384f7f97e84cde8c787cbf,,Security>Locks & Accessories>Padlocks,,,EA,,,,,,,Application|Manufacturer|Model,||,,Active,,,
100000007937791,,604.9013,F9338,,,,,,,Electrical Lockout Safety Hasp,<p>The safety lockout hasp keeps equipment inoperative while repairs or adjustments are being made.</p>,,https://WinzerCE-caccteonh.ocecdn.oraclecloud.com/content/published/api/v1.1/assets/CONT1D926A4906574744B0C546EBE587E50E/native/6049013.jpg?channelToken=b2919ea283384f7f97e84cde8c787cbf,,Security>Locks & Accessories>Padlocks,,,EA,,,,,,,Application|Manufacturer|Model,||,,Active,,,
100000007936945,,601.12618,F9602,,,,,,,Ford Oem Standard Key Blank H75 597638,"<p>Key blanks provide stock for cutting original keys or making duplicates. They are available in high-quality brass and nickel-plated construction to prevent corrosion. Key types from specific lock manufacturers, furniture makers, and car and truck companies can be used to duplicate keys for specialized purposes.</p>",,https://WinzerCE-caccteonh.ocecdn.oraclecloud.com/content/published/api/v1.1/assets/CONT64D7E950CFDB4697BADBCE0EFD6099D0/native/60112618.jpg?channelToken=b2919ea283384f7f97e84cde8c787cbf,,Security>Keys>Vehicle Keys,,,EA,,,,,,,Application|Manufacturer|Model,|Ford|Universal,,Active,,,
100000007936227,,601.110,F9137,,,,,,,Master Universal Padlock Key (M1),"<p>Key blanks provide stock for cutting original keys or making duplicates. They are available in high-quality brass and nickel-plated construction to prevent corrosion. Key types from specific lock manufacturers, furniture makers, and car and truck companies can be used to duplicate keys for specialized purposes.</p>",,https://WinzerCE-caccteonh.ocecdn.oraclecloud.com/content/published/api/v1.1/assets/CONT46BDC13F0C23447CA46B77C27FF2CBFE/native/601110.jpg?channelToken=b2919ea283384f7f97e84cde8c787cbf,,Security>Keys>Architectural,,,EA,,,,,,,Application|Manufacturer|Model,||,,Active,,,
100000007936353,,601.10645,F05740,,,,,,,Non-Logo 8 Cut 80-Bit Transponder Key - Ford,"<p>Key blanks provide stock for cutting original keys or making duplicates. They are available in high-quality brass and nickel-plated construction to prevent corrosion. Key types from specific lock manufacturers, furniture makers, and car and truck companies can be used to duplicate keys for specialized purposes.</p>",,https://WinzerCE-caccteonh.ocecdn.oraclecloud.com/content/published/api/v1.1/assets/CONT43F78C0EF78246BB9FAA803343D11ADE/native/60110645.JPG?channelToken=b2919ea283384f7f97e84cde8c787cbf,,Security>Keys>Vehicle Keys,,,EA,,,,,,,Application|Manufacturer|Model,|Ford|Universal,,Active,,,
100000007936292,,601.112,F9103,,,,,,,Kwikset Type 1 Architectural Universal Key Blank (Kw1),"<p>Key blanks provide stock for cutting original keys or making duplicates. They are available in high-quality brass and nickel-plated construction to prevent corrosion. Key types from specific lock manufacturers, furniture makers, and car and truck companies can be used to duplicate keys for specialized purposes.</p>",,https://WinzerCE-caccteonh.ocecdn.oraclecloud.com/content/published/api/v1.1/assets/CONTE43AB8EB18B344CFA3D9BF5F339435AC/native/601112.jpg?channelToken=b2919ea283384f7f97e84cde8c787cbf,,Security>Keys>Architectural,,,EA,,,,,,,Application|Manufacturer|Model,||,,Active,,,
100000007937672,,604.9008,F9249,,,,,,,2 Laminated Padlock (Keyed Alike 6 Pk),"<p>The Master No.5 Padlocks are designed for more than 3,000 key codes, which provides maximum pick resistance.</p>",,https://WinzerCE-caccteonh.ocecdn.oraclecloud.com/content/published/api/v1.1/assets/CONTD427788857A9463F95F8AE02C339C442/native/6049007.jpg?channelToken=b2919ea283384f7f97e84cde8c787cbf,,Security>Locks & Accessories>Padlocks,,,EA,,,,,,,Application|Manufacturer|Model,||,,Active,,,
100000007997283,,692.03.10,F41075,,,,,,,M10 x 6.7 Inch L-Handle Long Arm Wrench Hex Key,"<p>Hex keys have hexagonal (six-sided) tips that fit into the hexagonal-shaped (six-sided) indentation in the bolt or screwhead. The hex key is then turned to rotate the faster to tighten or loosen it. The hex key can be L-shaped with two arms of unequal length, one long and one short. The short end can reach fasteners in tight spaces while the long end extends the reach of the tool. Rotating a fastener using the long end as a handle provides more torque on the fastener compared to using the short end. T-shaped hex keys have one long arm with the drive tip at the end and a handle that can provide more torque when rotating fasteners compared to L-shaped keys.</p>",,https://WinzerCE-caccteonh.ocecdn.oraclecloud.com/content/published/api/v1.1/assets/CONT3B604B27287E46F2843BD8DA5D5DC7B4/native/692_01_732.jpg?channelToken=b2919ea283384f7f97e84cde8c787cbf,,Shop Supplies>Tools>Hex & Torx Keys,,,EA,,,,,,,Teeth Per Inch|Arbor Size|Brand|Drive Type|Head Style|Length|Diameter|Color|Material,|||External Hex|Hex|Long|M10|Black|Steel,,Active,,,
100000007913361,,865.3225,F44419,,,,,,,Oil Dri 43 Lb. Industrial Oil Absorbent,"Highly absorbent, nonflammable, mineral granules. Multi-purpose, may be used to absorb liquids including most types of oils, mixtures of soluble oils, acids, paints, inks, and water.",,,,Safety>Facility & Equipment>Spill Control,,,EA,,,,,,,Teeth Per Inch|Arbor Size|Brand|Drive Type|Head Style|Length|Diameter|Color|Material,||||||||,,Active,,,
100000008008614,,692.30.14,F43231,,,,,,,"Magnetic Nut Driver - 1/4""",<p>Magnetic nut drivers are made from S2 modified shock resistant steel for professional performance and durability.</p>,,https://WinzerCE-caccteonh.ocecdn.oraclecloud.com/content/published/api/v1.1/assets/CONTE207871452344806A2CB05498DBA996F/native/692_30_14.jpg?channelToken=b2919ea283384f7f97e84cde8c787cbf,,"Shop Supplies>Tools>Hex Bits, Power Bits & Nut Setters",,,EA,,,,,,,Teeth Per Inch|Arbor Size|Brand|Drive Type|Head Style|Length|Diameter|Color|Material,|||Internal Hex|Hex|2-9/16 Inch|1/4 Inch||Steel,,Active,,,
100000008006693,,692.322,F44184,,,,,,,1/4 Inch Drive 32-Piece Tamper Driver Bit Set,<p>Made from S2 modified shock resistant steel for professional performance and durability. Proprietary precision CNC machined tips for excellent fit in fastener recess. Case includes convenient belt clip design.</p>,,https://WinzerCE-caccteonh.ocecdn.oraclecloud.com/content/published/api/v1.1/assets/CONTCD41AEC6F297497CBEE17ACD80CD6EDC/native/692_322.jpg?channelToken=b2919ea283384f7f97e84cde8c787cbf,https://WinzerCE-caccteonh.ocecdn.oraclecloud.com/content/published/api/v1.1/assets/CONT23754E94D9B849FEBD2FDD18E997B7F7/native/692_322_A.jpg?channelToken=b2919ea283384f7f97e84cde8c787cbf,"Shop Supplies>Tools>Hex Bits, Power Bits & Nut Setters",,,EA,,,,,,,Teeth Per Inch|Arbor Size|Brand|Drive Type|Head Style|Length|Diameter|Color|Material,|||||||Blue|Steel,,Active,,,
100000008038764,,748.32.4807,F41961,,,,,,,#2 Phillips® Drive 1/4 Inch Shank 6 Inch Length Alloy76™ Steel Shockwave™ Power Driver Bit,"<p>Driver bits are engineered to be the most durable, best fitting driver bits on the market. the optimized Shockzone&trade; geometry is unique for each tip type to provide up to 30x longer life and absorbs 3x more torque vs other impact bits. the Precise Fit Custom Machined Tip&trade; prevents stripping and reduces wobble while the Custom Alloy76&trade; Steel and proprietary heat treat process maximizes resistance to wear and shock. Shockwave&trade; driver bits are built to deliver extreme durability for the most demanding applications.</p>",,https://WinzerCE-caccteonh.ocecdn.oraclecloud.com/content/published/api/v1.1/assets/CONTAEEC165B1E8D49A79B2F5698F0DF069B/native/748_32_4661.JPG?channelToken=b2919ea283384f7f97e84cde8c787cbf,,"Shop Supplies>Tools>Hex Bits, Power Bits & Nut Setters",,,EA,,,,,,,Teeth Per Inch|Arbor Size|Brand|Drive Type|Head Style|Length|Diameter|Color|Material,|1/4 Inch||Phillips|Hex|6 Inch|#2||Steel,,Active,,,
100000008006694,,692.46.2,F4996,,,,,,,Phillips® Drive 1/4 Inch Shank #2 Tip 6 Inch Length Gunmetal Gray Steel Power Bit,<p>Phillips insert bits are tested to outperform all leading brands and are made from S2 modified impact resistant steel.</p>,,https://WinzerCE-caccteonh.ocecdn.oraclecloud.com/content/published/api/v1.1/assets/CONT86FB2B679F654B45BE218E179D737C2C/native/692_2_1.jpg?channelToken=b2919ea283384f7f97e84cde8c787cbf,https://WinzerCE-caccteonh.ocecdn.oraclecloud.com/content/published/api/v1.1/assets/CONTC4217B6008EE4066A27AE02DB093AEBB/native/692_2_1_A.jpg?channelToken=b2919ea283384f7f97e84cde8c787cbf,"Shop Supplies>Tools>Hex Bits, Power Bits & Nut Setters",,,EA,,,,,,,Teeth Per Inch|Arbor Size|Brand|Drive Type|Head Style|Length|Diameter|Color|Material,|1/4 Inch||Phillips|Hex|6 Inch|#2||Steel,,Active,,,
100000008024944,,748.32.4713,F41950,,,,,,,#3 Milwaukee Shockwave Phillips Insert Bit 1/4 Inch Shank,,,https://WinzerCE-caccteonh.ocecdn.oraclecloud.com/content/published/api/v1.1/assets/CONTAEEC165B1E8D49A79B2F5698F0DF069B/native/748_32_4661.JPG?channelToken=b2919ea283384f7f97e84cde8c787cbf,,"Shop Supplies>Tools>Hex Bits, Power Bits & Nut Setters",,,EA,,,,,,,Teeth Per Inch|Arbor Size|Brand|Drive Type|Head Style|Length|Diameter|Color|Material,|1/4 Inch||Phillips|Hex|1 Inch|#3||Steel,,Active,,,
100000007996329,,692.01.12,F4552,,,,,,,1/2 Inch x 8.3 Inch L-Handle Long Arm Wrench Hex Key,"<p>Hex keys have hexagonal (six-sided) tips that fit into the hexagonal-shaped (six-sided) indentation in the bolt or screwhead. The hex key is then turned to rotate the faster to tighten or loosen it. The hex key can be L-shaped with two arms of unequal length, one long and one short. The short end can reach fasteners in tight spaces while the long end extends the reach of the tool. Rotating a fastener using the long end as a handle provides more torque on the fastener compared to using the short end. T-shaped hex keys have one long arm with the drive tip at the end and a handle that can provide more torque when rotating fasteners compared to L-shaped keys.</p>",,https://WinzerCE-caccteonh.ocecdn.oraclecloud.com/content/published/api/v1.1/assets/CONT3B604B27287E46F2843BD8DA5D5DC7B4/native/692_01_732.jpg?channelToken=b2919ea283384f7f97e84cde8c787cbf,,Shop Supplies>Tools>Hex & Torx Keys,,,EA,,,,,,,Teeth Per Inch|Arbor Size|Brand|Drive Type|Head Style|Length|Diameter|Color|Material,|||External Hex|Hex|Long|1/2 Inch|Black|Steel,,Active,,,
100000007983077,,686.660.035.3,F42063,,,,,,,Star-Alloys 0.035 Inch 521Al Aluminum Solid Mig Wire - 3 Lb,"<p>521AL Aluminum Solid Wire is an excellent general purpose, high tensile strength aluminum welding wire.</p>",,https://WinzerCE-caccteonh.ocecdn.oraclecloud.com/content/published/api/v1.1/assets/CONTE3140A1E5D4A4DB38FF96CA14F5E076B/native/6866600301.jpg?channelToken=b2919ea283384f7f97e84cde8c787cbf,,Shop Supplies>Welding>Mig Wire,,,EA,,,,,,SDS|https://chemmanagement.ehs.com/9/610003B0-D0A0-4364-9756-B22EE75E34EA/ebinder/pdf/?ProductID=133100922,Teeth Per Inch|Arbor Size|Brand|Drive Type|Head Style|Length|Diameter|Color|Material,||Star-Alloys|||||Aluminum|Aluminum,,Active,,,
100000007982309,,686.611.030.11,F41830,,,,,,,Star-Alloys 0.030 Inch 220Ms Mild Steel Solid Mig Wire - 11 Lb,"<p>The Star-Alloys 220MS is a mild steel welding wire that produces high-quality welds when used on dirty, oily, or rusted steel, sheet metal, galvanized steel, and construction work.</p>",,https://WinzerCE-caccteonh.ocecdn.oraclecloud.com/content/published/api/v1.1/assets/CONTCEA17CAB49B74AE3AED9919E76FB2B0B/native/68661103033.jpg?channelToken=b2919ea283384f7f97e84cde8c787cbf,,Shop Supplies>Welding>Mig Wire,,,EA,,,,,,SDS|https://chemmanagement.ehs.com/9/610003B0-D0A0-4364-9756-B22EE75E34EA/ebinder/pdf/?ProductID=133131225,Teeth Per Inch|Arbor Size|Brand|Drive Type|Head Style|Length|Diameter|Color|Material,||Star-Alloys||||||,,Active,,,